Tabela 21,,,,,,,,,,,,,,,
Viagens Diárias Atraídas por Modo Principal e Zona de Destino – 2017,,,,,,,,,,,,,,,rev. 15/04/2021
Região Metropolitana de São Paulo,,,,,,,,,,,,,,,
Pesquisa Origem e Destino 2017,,,,,,,,,,,,,,,
Companhia do Metropolitano de São Paulo ,,,,,,,,,,,,,,,
,,,,,,,,,,,,,,,
, Viagens Atraídas por Modo Principal ,,,,,,,,,,,,,,
Zona de, Metrô , Trem , Ônibus , Transporte fretado , Transporte escolar , Dirigindo automóvel , Passageiro de automóvel , Táxi convencional , Táxi não convencional , Dirigindo moto , Passageiro de moto , Bicicleta , A pé , Outros ,
Destino,,,,,,,,,,,,,,, Total 
,,,,,,,,,,,,,,,
  1 ,  65.511 ,  1.454 ,  34.277 ,  386 ,  235 ,  9.733 ,  3.938 ,  704 ,  368 ,  1.677 ,  -   ,  146 ,  41.670 ,  60 ,  160.157 
  2 ,  45.207 ,  7.142 ,  29.969 ,  -   ,  40 ,  15.353 ,  6.491 ,  623 ,  1.144 ,  4.291 ,  24 ,  737 ,  26.228 ,  1.057 ,  138.306 
  3 ,  20.980 ,  -   ,  8.402 ,  -   ,  244 ,  6.267 ,  1.061 ,  318 ,  529 ,  745 ,  288 ,  331 ,  23.337 ,  -   ,  62.503 
  4 ,  17.751 ,  264 ,  15.459 ,  -   ,  289 ,  9.423 ,  1.503 ,  859 ,  3.258 ,  322 ,  -   ,  1.084 ,  27.619 ,  455 ,  78.286 
  5 ,  79.320 ,  1.395 ,  27.348 ,  -   ,  246 ,  14.851 ,  3.788 ,  429 ,  3.261 ,  2.017 ,  571 ,  1.379 ,  51.641 ,  907 ,  187.153 
  6 ,  21.375 ,  14.802 ,  17.433 ,  -   ,  332 ,  9.347 ,  2.622 ,  328 ,  1.974 ,  3.149 ,  -   ,  1.565 ,  36.262 ,  162 ,  109.351 
  7 ,  18.300 ,  12.026 ,  10.270 ,  1.658 ,  614 ,  10.043 ,  3.134 ,  140 ,  638 ,  3.837 ,  669 ,  1.706 ,  30.605 ,  41 ,  93.681 
  8 ,  1.846 ,  3.078 ,  5.840 ,  801 ,  289 ,  4.242 ,  1.197 ,  45 ,  514 ,  843 ,  -   ,  502 ,  20.971 ,  -   ,  40.170 
  9 ,  12.567 ,  1.136 ,  6.654 ,  -   ,  95 ,  5.274 ,  988 ,  -   ,  143 ,  711 ,  -   ,  513 ,  8.344 ,  96 ,  36.522 
  10 ,  5.758 ,  -   ,  7.911 ,  330 ,  1.849 ,  1.929 ,  1.404 ,  -   ,  147 ,  200 ,  -   ,  336 ,  4.167 ,  -   ,  24.030 
  11 ,  318 ,  14 ,  2.983 ,  -   ,  558 ,  2.187 ,  2.411 ,  22 ,  19 ,  1.086 ,  -   ,  83 ,  1.700 ,  -   ,  11.381 
  12 ,  3.720 ,  5.533 ,  7.963 ,  68 ,  747 ,  4.770 ,  3.025 ,  -   ,  214 ,  1.290 ,  -   ,  1.293 ,  15.225 ,  1.077 ,  44.924 
  13 ,  2.067 ,  6.333 ,  3.431 ,  241 ,  34 ,  3.318 ,  3.964 ,  144 ,  813 ,  -   ,  -   ,  38 ,  4.178 ,  -   ,  24.562 
  14 ,  6.745 ,  13.364 ,  14.486 ,  1.544 ,  148 ,  7.847 ,  5.656 ,  -   ,  999 ,  457 ,  13 ,  82 ,  15.439 ,  -   ,  66.780 
  15 ,  8.374 ,  5.811 ,  6.535 ,  -   ,  772 ,  3.171 ,  1.848 ,  -   ,  -   ,  480 ,  -   ,  253 ,  8.997 ,  -   ,  36.241 
  16 ,  13.817 ,  4.498 ,  6.246 ,  -   ,  644 ,  6.294 ,  383 ,  122 ,  399 ,  147 ,  -   ,  1.046 ,  14.232 ,  371 ,  48.197 
  17 ,  7.267 ,  1.381 ,  6.384 ,  24 ,  181 ,  3.553 ,  651 ,  94 ,  376 ,  636 ,  72 ,  295 ,  10.592 ,  -   ,  31.507 
  18 ,  7.603 ,  3.206 ,  16.743 ,  319 ,  648 ,  15.734 ,  5.667 ,  330 ,  1.385 ,  178 ,  -   ,  545 ,  19.947 ,  932 ,  73.238 
  19 ,  4.151 ,  329 ,  12.593 ,  156 ,  1.322 ,  15.931 ,  8.953 ,  256 ,  821 ,  2.251 ,  -   ,  226 ,  10.914 ,  -   ,  57.903 
  20 ,  4.074 ,  576 ,  10.082 ,  -   ,  888 ,  9.983 ,  3.271 ,  191 ,  1.060 ,  1.209 ,  -   ,  212 ,  14.483 ,  -   ,  46.030 
  21 ,  5.696 ,  -   ,  7.349 ,  -   ,  543 ,  10.352 ,  5.612 ,  1.243 ,  2.373 ,  1.495 ,  -   ,  160 ,  9.389 ,  106 ,  44.318 
  22 ,  10.465 ,  -   ,  4.784 ,  -   ,  187 ,  5.528 ,  2.837 ,  67 ,  265 ,  1.032 ,  -   ,  200 ,  11.573 ,  300 ,  37.239 
  23 ,  39.167 ,  -   ,  7.410 ,  155 ,  148 ,  9.449 ,  2.468 ,  974 ,  587 ,  2.131 ,  -   ,  234 ,  10.963 ,  -   ,  73.688 
  24 ,  42.920 ,  -   ,  11.653 ,  -   ,  288 ,  8.986 ,  2.192 ,  375 ,  421 ,  2.143 ,  515 ,  339 ,  19.667 ,  37 ,  89.534 
  25 ,  5.270 ,  -   ,  8.117 ,  14 ,  97 ,  3.719 ,  1.555 ,  418 ,  1.114 ,  1.008 ,  -   ,  570 ,  18.538 ,  409 ,  40.829 
  26 ,  11.855 ,  -   ,  7.038 ,  -   ,  1.156 ,  10.335 ,  6.305 ,  371 ,  393 ,  90 ,  -   ,  269 ,  16.868 ,  -   ,  54.681 
  27 ,  39.193 ,  821 ,  18.358 ,  -   ,  473 ,  18.228 ,  7.137 ,  2.455 ,  2.911 ,  1.490 ,  31 ,  599 ,  28.618 ,  -   ,  120.315 
  28 ,  25.221 ,  1.054 ,  12.493 ,  -   ,  731 ,  11.653 ,  4.326 ,  1.911 ,  1.141 ,  745 ,  -   ,  247 ,  17.251 ,  -   ,  76.772 
  29 ,  30.261 ,  937 ,  18.890 ,  -   ,  391 ,  13.160 ,  1.941 ,  812 ,  3.441 ,  2.504 ,  -   ,  212 ,  22.180 ,  60 ,  94.788 
  30 ,  11.641 ,  377 ,  5.992 ,  2.663 ,  403 ,  12.897 ,  3.884 ,  921 ,  2.021 ,  1.433 ,  -   ,  1.457 ,  19.040 ,  -   ,  62.730 
  31 ,  36.170 ,  395 ,  24.276 ,  791 ,  1.092 ,  16.292 ,  5.377 ,  1.210 ,  2.834 ,  1.146 ,  -   ,  264 ,  29.171 ,  371 ,  119.388 
  32 ,  41.986 ,  1.638 ,  17.480 ,  -   ,  572 ,  12.353 ,  3.169 ,  389 ,  633 ,  514 ,  -   ,  287 ,  33.532 ,  -   ,  112.552 
  33 ,  1.526 ,  324 ,  857 ,  -   ,  134 ,  1.078 ,  223 ,  20 ,  506 ,  673 ,  -   ,  53 ,  1.532 ,  -   ,  6.927 
  34 ,  5.162 ,  384 ,  2.434 ,  53 ,  195 ,  10.333 ,  6.215 ,  614 ,  785 ,  50 ,  -   ,  155 ,  6.503 ,  -   ,  32.883 
  35 ,  25.436 ,  2.271 ,  18.622 ,  -   ,  652 ,  14.476 ,  4.414 ,  983 ,  747 ,  69 ,  -   ,  394 ,  43.342 ,  852 ,  112.257 
  36 ,  28.459 ,  1.988 ,  15.814 ,  504 ,  990 ,  20.980 ,  8.372 ,  2.003 ,  2.940 ,  1.620 ,  -   ,  1.244 ,  27.629 ,  -   ,  112.542 
  37 ,  3.484 ,  3.977 ,  7.677 ,  451 ,  483 ,  6.445 ,  3.228 ,  37 ,  255 ,  1.126 ,  -   ,  1.246 ,  5.142 ,  -   ,  33.551 
  38 ,  1.116 ,  -   ,  1.708 ,  -   ,  441 ,  3.335 ,  273 ,  53 ,  53 ,  352 ,  -   ,  -   ,  4.799 ,  24 ,  12.154 
  39 ,  4.279 ,  1.024 ,  8.403 ,  97 ,  828 ,  5.150 ,  1.751 ,  -   ,  78 ,  287 ,  -   ,  7 ,  3.679 ,  -   ,  25.582 
  40 ,  11.958 ,  377 ,  9.736 ,  -   ,  825 ,  5.881 ,  2.714 ,  -   ,  165 ,  427 ,  -   ,  80 ,  10.792 ,  -   ,  42.954 
  41 ,  14.034 ,  2.615 ,  12.205 ,  -   ,  2.403 ,  13.188 ,  6.209 ,  104 ,  560 ,  1.518 ,  -   ,  198 ,  27.949 ,  -   ,  80.984 
  42 ,  2.934 ,  3.164 ,  8.045 ,  -   ,  487 ,  4.263 ,  2.877 ,  79 ,  532 ,  72 ,  -   ,  721 ,  6.053 ,  24 ,  29.252 
  43 ,  30.767 ,  2.448 ,  28.425 ,  98 ,  1.551 ,  15.046 ,  6.861 ,  352 ,  1.404 ,  1.538 ,  409 ,  700 ,  20.067 ,  448 ,  110.112 
  44 ,  6.823 ,  4.980 ,  11.051 ,  -   ,  1.889 ,  15.188 ,  5.864 ,  269 ,  1.387 ,  1.362 ,  295 ,  433 ,  11.609 ,  -   ,  61.151 
  45 ,  11.534 ,  3.190 ,  18.289 ,  900 ,  2.335 ,  20.417 ,  7.796 ,  -   ,  4.034 ,  1.529 ,  -   ,  1.780 ,  25.153 ,  413 ,  97.369 
  46 ,  3.620 ,  234 ,  13.593 ,  -   ,  7.255 ,  11.125 ,  7.140 ,  629 ,  -   ,  521 ,  -   ,  434 ,  26.197 ,  126 ,  70.873 
  47 ,  3.211 ,  471 ,  6.275 ,  -   ,  200 ,  12.046 ,  3.611 ,  -   ,  372 ,  1.728 ,  -   ,  452 ,  14.747 ,  241 ,  43.355 
  48 ,  3.325 ,  1.305 ,  11.038 ,  -   ,  2.794 ,  11.890 ,  5.203 ,  247 ,  77 ,  1.120 ,  -   ,  514 ,  11.262 ,  126 ,  48.902 
  49 ,  24.076 ,  100 ,  6.814 ,  -   ,  1.088 ,  11.015 ,  1.975 ,  308 ,  1.009 ,  1.201 ,  59 ,  283 ,  12.898 ,  -   ,  60.827 
  50 ,  1.746 ,  -   ,  2.643 ,  62 ,  377 ,  5.569 ,  2.229 ,  198 ,  440 ,  393 ,  97 ,  286 ,  2.696 ,  151 ,  16.889 
  51 ,  6.572 ,  -   ,  2.226 ,  -   ,  970 ,  9.469 ,  3.391 ,  178 ,  -   ,  808 ,  -   ,  126 ,  6.147 ,  -   ,  29.887 
  52 ,  14.771 ,  -   ,  9.268 ,  -   ,  532 ,  7.364 ,  1.595 ,  75 ,  552 ,  627 ,  59 ,  -   ,  6.110 ,  -   ,  40.952 
  53 ,  27.547 ,  -   ,  7.178 ,  -   ,  1.118 ,  12.205 ,  4.818 ,  182 ,  1.359 ,  2.155 ,  -   ,  168 ,  10.251 ,  -   ,  66.981 
  54 ,  24.355 ,  -   ,  17.044 ,  -   ,  689 ,  15.856 ,  6.379 ,  1.181 ,  2.155 ,  1.292 ,  -   ,  1.229 ,  21.279 ,  110 ,  91.571 
  55 ,  15.447 ,  -   ,  6.253 ,  -   ,  80 ,  13.249 ,  4.256 ,  388 ,  1.786 ,  2.489 ,  600 ,  320 ,  6.114 ,  205 ,  51.186 
  56 ,  20.964 ,  -   ,  9.744 ,  184 ,  1.636 ,  13.675 ,  6.832 ,  615 ,  1.430 ,  1.372 ,  1.024 ,  910 ,  18.830 ,  110 ,  77.327 
  57 ,  25.186 ,  -   ,  16.777 ,  -   ,  1.999 ,  21.169 ,  8.880 ,  2.170 ,  1.988 ,  2.330 ,  958 ,  918 ,  28.782 ,  168 ,  111.326 
  58 ,  19.552 ,  -   ,  7.714 ,  298 ,  590 ,  9.263 ,  2.572 ,  122 ,  895 ,  1.270 ,  -   ,  145 ,  13.142 ,  -   ,  55.562 
  59 ,  46.352 ,  -   ,  20.361 ,  -   ,  3.943 ,  25.805 ,  13.460 ,  349 ,  1.372 ,  2.208 ,  -   ,  2.638 ,  47.916 ,  591 ,  164.995 
  60 ,  11.205 ,  126 ,  9.678 ,  -   ,  1.456 ,  23.571 ,  9.239 ,  259 ,  455 ,  2.507 ,  -   ,  971 ,  8.850 ,  -   ,  68.318 
  61 ,  17.016 ,  -   ,  12.928 ,  415 ,  1.762 ,  16.106 ,  7.617 ,  415 ,  849 ,  1.146 ,  -   ,  298 ,  17.562 ,  -   ,  76.112 
  62 ,  7.304 ,  394 ,  15.981 ,  -   ,  224 ,  13.269 ,  3.240 ,  398 ,  964 ,  460 ,  -   ,  495 ,  5.876 ,  -   ,  48.606 
  63 ,  11.327 ,  -   ,  9.675 ,  -   ,  880 ,  8.481 ,  3.787 ,  433 ,  155 ,  399 ,  219 ,  151 ,  1.557 ,  -   ,  37.065 
  64 ,  10.449 ,  657 ,  22.976 ,  410 ,  2.387 ,  27.506 ,  9.226 ,  829 ,  3.098 ,  2.214 ,  -   ,  2.963 ,  23.453 ,  -   ,  106.168 
  65 ,  2.410 ,  967 ,  12.334 ,  -   ,  1.450 ,  21.393 ,  8.304 ,  887 ,  2.804 ,  3.308 ,  69 ,  796 ,  13.840 ,  -   ,  68.562 
  66 ,  4.690 ,  834 ,  15.357 ,  -   ,  974 ,  18.104 ,  7.956 ,  141 ,  3.018 ,  2.631 ,  424 ,  363 ,  6.420 ,  -   ,  60.912 
  67 ,  3.486 ,  478 ,  7.922 ,  -   ,  504 ,  7.265 ,  2.222 ,  722 ,  1.152 ,  614 ,  -   ,  159 ,  8.024 ,  86 ,  32.633 
  68 ,  15.378 ,  7.035 ,  32.805 ,  457 ,  2.620 ,  34.869 ,  6.743 ,  1.363 ,  5.068 ,  7.020 ,  -   ,  3.473 ,  54.240 ,  86 ,  171.156 
  69 ,  7.111 ,  1.664 ,  11.692 ,  -   ,  114 ,  15.578 ,  4.152 ,  800 ,  1.425 ,  634 ,  -   ,  1.530 ,  16.025 ,  -   ,  60.725 
  70 ,  2.847 ,  5.551 ,  14.325 ,  -   ,  487 ,  14.511 ,  2.766 ,  321 ,  1.117 ,  641 ,  -   ,  375 ,  12.120 ,  86 ,  55.146 
  71 ,  2.455 ,  4.407 ,  12.298 ,  -   ,  1.189 ,  17.990 ,  6.475 ,  837 ,  2.491 ,  2.600 ,  -   ,  1.812 ,  13.628 ,  199 ,  66.382 
  72 ,  5.879 ,  4.431 ,  11.491 ,  840 ,  1.033 ,  16.390 ,  3.528 ,  375 ,  856 ,  1.695 ,  330 ,  1.167 ,  12.298 ,  726 ,  61.040 
  73 ,  21.651 ,  24.244 ,  23.432 ,  1.528 ,  491 ,  35.015 ,  5.862 ,  1.242 ,  3.153 ,  4.153 ,  62 ,  3.414 ,  56.957 ,  -   ,  181.206 
  74 ,  26.386 ,  308 ,  11.454 ,  87 ,  227 ,  12.100 ,  2.820 ,  461 ,  2.514 ,  923 ,  -   ,  853 ,  18.059 ,  56 ,  76.247 
  75 ,  7.629 ,  295 ,  6.553 ,  112 ,  598 ,  10.273 ,  1.468 ,  485 ,  1.456 ,  265 ,  35 ,  246 ,  13.129 ,  -   ,  42.545 
  76 ,  4.513 ,  121 ,  12.075 ,  -   ,  535 ,  16.468 ,  4.263 ,  902 ,  477 ,  1.332 ,  66 ,  214 ,  9.680 ,  -   ,  50.644 
  77 ,  27.263 ,  2.000 ,  16.720 ,  38 ,  1.350 ,  11.415 ,  3.743 ,  1.740 ,  7.029 ,  3.824 ,  31 ,  613 ,  19.529 ,  -   ,  95.297 
  78 ,  10.945 ,  1.146 ,  8.936 ,  -   ,  690 ,  13.259 ,  2.678 ,  1.986 ,  2.226 ,  1.332 ,  -   ,  1.244 ,  13.885 ,  7 ,  58.334 
  79 ,  43.044 ,  65 ,  20.090 ,  -   ,  897 ,  20.157 ,  6.532 ,  1.659 ,  2.574 ,  2.028 ,  -   ,  594 ,  27.078 ,  973 ,  125.692 
  80 ,  17.275 ,  1.809 ,  13.535 ,  -   ,  174 ,  15.347 ,  4.457 ,  1.019 ,  1.696 ,  1.173 ,  415 ,  1.157 ,  22.689 ,  427 ,  81.175 
  81 ,  13.337 ,  1.516 ,  19.701 ,  417 ,  737 ,  22.351 ,  3.661 ,  1.524 ,  2.824 ,  2.212 ,  35 ,  1.906 ,  17.480 ,  56 ,  87.756 
  82 ,  30.105 ,  11.778 ,  38.398 ,  188 ,  1.306 ,  29.750 ,  8.118 ,  1.384 ,  2.615 ,  5.932 ,  -   ,  3.161 ,  31.552 ,  70 ,  164.357 
  83 ,  19.653 ,  1.186 ,  13.911 ,  -   ,  927 ,  20.664 ,  7.725 ,  849 ,  3.209 ,  501 ,  69 ,  1.817 ,  19.696 ,  -   ,  90.207 
  84 ,  5.392 ,  1.961 ,  8.021 ,  -   ,  669 ,  16.342 ,  4.822 ,  1.023 ,  2.320 ,  639 ,  195 ,  435 ,  12.885 ,  -   ,  54.705 
  85 ,  952 ,  1.456 ,  4.449 ,  -   ,  410 ,  5.106 ,  2.742 ,  102 ,  753 ,  179 ,  -   ,  69 ,  4.134 ,  -   ,  20.350 
  86 ,  1.670 ,  -   ,  2.861 ,  -   ,  94 ,  2.142 ,  786 ,  50 ,  562 ,  154 ,  92 ,  172 ,  1.662 ,  -   ,  10.246 
  87 ,  9.635 ,  41 ,  5.966 ,  -   ,  953 ,  11.767 ,  5.105 ,  798 ,  1.377 ,  896 ,  -   ,  744 ,  7.320 ,  -   ,  44.601 
  88 ,  6.116 ,  1.711 ,  15.715 ,  -   ,  1.378 ,  28.539 ,  9.674 ,  2.270 ,  3.854 ,  2.760 ,  415 ,  338 ,  31.841 ,  -   ,  104.612 
  89 ,  2.797 ,  794 ,  3.996 ,  -   ,  563 ,  5.513 ,  1.519 ,  489 ,  795 ,  575 ,  -   ,  616 ,  3.079 ,  109 ,  20.846 
  90 ,  4.038 ,  1.747 ,  5.333 ,  -   ,  313 ,  12.120 ,  4.632 ,  2.291 ,  2.395 ,  2.088 ,  -   ,  1.292 ,  8.688 ,  123 ,  45.059 
  91 ,  11.389 ,  9.925 ,  21.903 ,  660 ,  187 ,  6.639 ,  1.681 ,  93 ,  747 ,  3.082 ,  1.007 ,  77 ,  4.925 ,  -   ,  62.315 
  92 ,  6.906 ,  3.891 ,  3.660 ,  -   ,  189 ,  5.860 ,  1.644 ,  10 ,  65 ,  313 ,  -   ,  6 ,  8.264 ,  4 ,  30.813 
  93 ,  33.422 ,  26.252 ,  26.044 ,  -   ,  1.364 ,  12.312 ,  2.622 ,  541 ,  1.381 ,  1.248 ,  -   ,  165 ,  13.089 ,  246 ,  118.685 
  94 ,  8.785 ,  2.884 ,  11.997 ,  -   ,  805 ,  9.234 ,  3.902 ,  638 ,  1.678 ,  994 ,  -   ,  -   ,  12.756 ,  -   ,  53.673 
  95 ,  4.571 ,  125 ,  6.176 ,  -   ,  1.462 ,  13.153 ,  5.303 ,  239 ,  397 ,  1.260 ,  -   ,  295 ,  9.428 ,  -   ,  42.411 
  96 ,  1.878 ,  3.624 ,  5.965 ,  -   ,  862 ,  11.394 ,  4.493 ,  189 ,  743 ,  220 ,  45 ,  505 ,  3.842 ,  -   ,  33.761 
  97 ,  5.194 ,  2.284 ,  6.344 ,  -   ,  446 ,  13.714 ,  3.690 ,  731 ,  3.540 ,  339 ,  -   ,  604 ,  6.494 ,  -   ,  43.380 
  98 ,  1.421 ,  1.912 ,  5.267 ,  -   ,  179 ,  2.927 ,  1.410 ,  76 ,  159 ,  108 ,  116 ,  843 ,  1.453 ,  -   ,  15.872 
  99 ,  3.954 ,  7.944 ,  9.926 ,  -   ,  939 ,  11.825 ,  2.301 ,  214 ,  558 ,  865 ,  -   ,  964 ,  3.991 ,  -   ,  43.479 
  100 ,  6.703 ,  19.748 ,  54.668 ,  112 ,  2.085 ,  28.561 ,  11.722 ,  594 ,  1.753 ,  2.113 ,  63 ,  1.073 ,  20.466 ,  -   ,  149.661 
  101 ,  3.207 ,  1.797 ,  10.057 ,  -   ,  1.395 ,  14.251 ,  4.769 ,  616 ,  1.599 ,  1.525 ,  -   ,  453 ,  7.246 ,  -   ,  46.915 
  102 ,  1.552 ,  523 ,  7.751 ,  -   ,  2.296 ,  10.695 ,  3.787 ,  172 ,  732 ,  273 ,  -   ,  257 ,  4.088 ,  48 ,  32.175 
  103 ,  658 ,  2.056 ,  2.420 ,  -   ,  610 ,  2.371 ,  1.695 ,  94 ,  318 ,  549 ,  10 ,  -   ,  812 ,  -   ,  11.593 
  104 ,  970 ,  321 ,  4.063 ,  491 ,  286 ,  5.951 ,  2.080 ,  89 ,  346 ,  304 ,  379 ,  472 ,  2.095 ,  -   ,  17.846 
  105 ,  1.722 ,  2.319 ,  14.364 ,  -   ,  2.425 ,  14.724 ,  4.496 ,  -   ,  817 ,  476 ,  -   ,  -   ,  7.256 ,  -   ,  48.599 
  106 ,  4.553 ,  3.758 ,  5.625 ,  -   ,  377 ,  7.845 ,  3.065 ,  -   ,  175 ,  253 ,  -   ,  1.047 ,  4.085 ,  808 ,  31.592 
  107 ,  2.032 ,  4.657 ,  7.751 ,  -   ,  2.338 ,  15.250 ,  8.914 ,  49 ,  1.172 ,  1.550 ,  -   ,  174 ,  6.193 ,  248 ,  50.328 
  108 ,  2.517 ,  6.789 ,  2.589 ,  -   ,  538 ,  7.577 ,  2.291 ,  -   ,  44 ,  1.111 ,  -   ,  71 ,  1.903 ,  710 ,  26.140 
  109 ,  12.078 ,  6.392 ,  51.384 ,  158 ,  18.471 ,  31.107 ,  10.717 ,  -   ,  23 ,  993 ,  -   ,  1.129 ,  49.609 ,  -   ,  182.060 
  110 ,  5.269 ,  11.753 ,  19.521 ,  27 ,  3.170 ,  18.694 ,  7.780 ,  44 ,  -   ,  661 ,  -   ,  -   ,  24.626 ,  -   ,  91.545 
  111 ,  1.105 ,  786 ,  17.980 ,  -   ,  5.727 ,  17.745 ,  8.944 ,  -   ,  1.252 ,  284 ,  -   ,  2.103 ,  28.210 ,  -   ,  84.136 
  112 ,  1.462 ,  3.512 ,  13.235 ,  158 ,  1.715 ,  8.099 ,  2.288 ,  -   ,  904 ,  1.817 ,  -   ,  -   ,  24.337 ,  -   ,  57.527 
  113 ,  1.990 ,  3.383 ,  15.058 ,  507 ,  2.593 ,  14.080 ,  6.162 ,  -   ,  269 ,  1.767 ,  -   ,  -   ,  11.766 ,  -   ,  57.575 
  114 ,  -   ,  -   ,  -   ,  -   ,  -   ,  -   ,  -   ,  -   ,  -   ,  -   ,  -   ,  -   ,  239 ,  -   ,  239 
  115 ,  3.315 ,  7.254 ,  15.172 ,  -   ,  5.477 ,  10.781 ,  2.261 ,  -   ,  -   ,  1.640 ,  -   ,  -   ,  24.030 ,  -   ,  69.930 
  116 ,  11.061 ,  9.026 ,  76.413 ,  1.517 ,  19.239 ,  23.305 ,  5.696 ,  -   ,  292 ,  3.305 ,  1.351 ,  -   ,  88.393 ,  -   ,  239.599 
  117 ,  893 ,  2.110 ,  15.403 ,  1.345 ,  8.845 ,  13.275 ,  5.738 ,  -   ,  660 ,  2.002 ,  -   ,  -   ,  9.889 ,  -   ,  60.161 
  118 ,  808 ,  810 ,  4.451 ,  1.215 ,  468 ,  3.908 ,  2.265 ,  -   ,  -   ,  -   ,  -   ,  -   ,  8.131 ,  -   ,  22.055 
  119 ,  5.964 ,  8.792 ,  30.467 ,  -   ,  16.198 ,  10.101 ,  4.882 ,  -   ,  -   ,  765 ,  -   ,  -   ,  34.711 ,  -   ,  111.879 
  120 ,  -   ,  -   ,  -   ,  -   ,  -   ,  -   ,  -   ,  -   ,  -   ,  -   ,  -   ,  -   ,  -   ,  -   ,  -   
  121 ,  4.130 ,  -   ,  30.574 ,  -   ,  2.894 ,  9.833 ,  6.677 ,  406 ,  -   ,  1.028 ,  -   ,  -   ,  39.073 ,  -   ,  94.615 
  122 ,  1.283 ,  -   ,  24.119 ,  -   ,  1.521 ,  6.069 ,  7.598 ,  -   ,  -   ,  2.232 ,  -   ,  485 ,  29.634 ,  -   ,  72.941 
  123 ,  2.076 ,  524 ,  24.410 ,  1.535 ,  13.553 ,  5.844 ,  292 ,  -   ,  -   ,  3.728 ,  -   ,  -   ,  32.042 ,  -   ,  84.004 
  124 ,  5.203 ,  2.045 ,  36.496 ,  -   ,  9.441 ,  19.999 ,  11.655 ,  -   ,  291 ,  -   ,  -   ,  -   ,  45.103 ,  -   ,  130.234 
  125 ,  1.257 ,  517 ,  18.067 ,  264 ,  3.266 ,  8.997 ,  2.538 ,  -   ,  -   ,  1.848 ,  -   ,  840 ,  42.550 ,  -   ,  80.144 
  126 ,  3.549 ,  -   ,  17.950 ,  -   ,  3.839 ,  14.053 ,  7.629 ,  -   ,  389 ,  1.421 ,  -   ,  770 ,  22.272 ,  -   ,  71.873 
  127 ,  3.324 ,  1.668 ,  26.913 ,  520 ,  6.555 ,  34.697 ,  11.997 ,  360 ,  636 ,  2.461 ,  -   ,  1.768 ,  37.246 ,  -   ,  128.145 
  128 ,  6.701 ,  -   ,  9.486 ,  10 ,  36 ,  8.240 ,  7.254 ,  -   ,  1.105 ,  -   ,  -   ,  31 ,  2.895 ,  -   ,  35.757 
  129 ,  11.929 ,  -   ,  18.311 ,  -   ,  15 ,  15.427 ,  5.967 ,  28 ,  -   ,  747 ,  -   ,  -   ,  10.294 ,  -   ,  62.718 
  130 ,  3.457 ,  -   ,  572 ,  -   ,  -   ,  3.552 ,  254 ,  -   ,  45 ,  229 ,  -   ,  71 ,  1.482 ,  -   ,  9.662 
  131 ,  9.296 ,  607 ,  7.847 ,  -   ,  15 ,  4.781 ,  1.447 ,  458 ,  301 ,  725 ,  -   ,  1.016 ,  5.566 ,  -   ,  32.060 
  132 ,  3.298 ,  641 ,  2.390 ,  7 ,  689 ,  5.793 ,  1.132 ,  7 ,  -   ,  314 ,  -   ,  92 ,  511 ,  -   ,  14.874 
  133 ,  13.837 ,  -   ,  19.216 ,  -   ,  2.615 ,  21.318 ,  11.070 ,  2.500 ,  38 ,  2.219 ,  74 ,  94 ,  19.137 ,  -   ,  92.117 
  134 ,  5.000 ,  -   ,  15.518 ,  -   ,  2.953 ,  20.851 ,  12.199 ,  -   ,  2.331 ,  1.297 ,  -   ,  -   ,  12.176 ,  367 ,  72.693 
  135 ,  8.146 ,  -   ,  17.182 ,  -   ,  4.990 ,  18.876 ,  7.234 ,  192 ,  1.997 ,  1.981 ,  -   ,  1.271 ,  21.796 ,  -   ,  83.665 
  136 ,  5.398 ,  2.501 ,  15.104 ,  659 ,  4.638 ,  20.397 ,  8.653 ,  168 ,  1.394 ,  2.422 ,  -   ,  423 ,  28.515 ,  -   ,  90.271 
  137 ,  7.432 ,  -   ,  25.178 ,  -   ,  5.380 ,  22.880 ,  11.281 ,  265 ,  752 ,  4.389 ,  392 ,  301 ,  28.630 ,  -   ,  106.878 
  138 ,  1.408 ,  1.121 ,  4.484 ,  -   ,  1.696 ,  8.721 ,  4.379 ,  44 ,  454 ,  528 ,  -   ,  35 ,  11.686 ,  -   ,  34.557 
  139 ,  3.621 ,  908 ,  16.919 ,  -   ,  3.462 ,  12.801 ,  4.875 ,  -   ,  607 ,  -   ,  -   ,  531 ,  19.301 ,  -   ,  63.023 
  140 ,  5.917 ,  670 ,  15.212 ,  647 ,  1.310 ,  10.650 ,  3.023 ,  -   ,  554 ,  3.620 ,  -   ,  1.500 ,  46.593 ,  130 ,  89.826 
  141 ,  11.678 ,  -   ,  38.030 ,  -   ,  8.660 ,  31.303 ,  6.630 ,  300 ,  352 ,  982 ,  -   ,  1.785 ,  58.635 ,  2.350 ,  160.705 
  142 ,  2.836 ,  -   ,  22.772 ,  -   ,  7.381 ,  13.003 ,  8.148 ,  -   ,  -   ,  1.281 ,  -   ,  -   ,  40.429 ,  2.350 ,  98.199 
  143 ,  -   ,  -   ,  -   ,  -   ,  -   ,  -   ,  -   ,  -   ,  -   ,  -   ,  -   ,  -   ,  -   ,  -   ,  -   
  144 ,  14.761 ,  -   ,  42.369 ,  190 ,  10.291 ,  43.005 ,  17.095 ,  -   ,  830 ,  1.498 ,  -   ,  -   ,  33.647 ,  -   ,  163.687 
  145 ,  746 ,  -   ,  2.091 ,  -   ,  1.973 ,  4.358 ,  4.457 ,  -   ,  1.055 ,  1.093 ,  333 ,  1.513 ,  2.653 ,  -   ,  20.272 
  146 ,  -   ,  -   ,  -   ,  -   ,  -   ,  -   ,  -   ,  -   ,  -   ,  -   ,  -   ,  -   ,  -   ,  -   ,  -   
  147 ,  5.402 ,  -   ,  16.488 ,  -   ,  3.217 ,  13.939 ,  3.919 ,  140 ,  63 ,  304 ,  129 ,  1.513 ,  27.261 ,  -   ,  72.374 
  148 ,  1.697 ,  -   ,  9.538 ,  -   ,  1.295 ,  7.296 ,  7.693 ,  30 ,  -   ,  520 ,  -   ,  350 ,  20.445 ,  -   ,  48.864 
  149 ,  -   ,  -   ,  -   ,  -   ,  -   ,  78 ,  -   ,  -   ,  -   ,  -   ,  -   ,  350 ,  -   ,  -   ,  428 
  150 ,  4.330 ,  90 ,  20.223 ,  -   ,  2.496 ,  4.571 ,  4.793 ,  -   ,  502 ,  2.413 ,  -   ,  -   ,  23.667 ,  460 ,  63.545 
  151 ,  13.105 ,  -   ,  33.514 ,  -   ,  4.432 ,  30.132 ,  14.270 ,  170 ,  3.017 ,  3.683 ,  874 ,  1.556 ,  74.425 ,  -   ,  179.178 
  152 ,  10.769 ,  -   ,  8.908 ,  -   ,  2.153 ,  15.141 ,  14.448 ,  -   ,  380 ,  498 ,  -   ,  272 ,  26.886 ,  -   ,  79.456 
  153 ,  5.315 ,  -   ,  11.923 ,  -   ,  1.622 ,  12.277 ,  4.188 ,  170 ,  35 ,  303 ,  -   ,  -   ,  5.323 ,  270 ,  41.426 
  154 ,  13.868 ,  -   ,  19.747 ,  -   ,  1.721 ,  27.707 ,  13.183 ,  143 ,  -   ,  3.152 ,  270 ,  -   ,  20.508 ,  -   ,  100.300 
  155 ,  1.796 ,  -   ,  8.447 ,  -   ,  4.355 ,  5.554 ,  1.836 ,  -   ,  290 ,  1.360 ,  254 ,  423 ,  18.183 ,  105 ,  42.604 
  156 ,  4.967 ,  -   ,  25.029 ,  -   ,  3.257 ,  16.454 ,  11.566 ,  -   ,  -   ,  1.810 ,  338 ,  1.293 ,  23.559 ,  -   ,  88.273 
  157 ,  3.949 ,  -   ,  4.929 ,  -   ,  2.121 ,  9.745 ,  2.305 ,  -   ,  196 ,  768 ,  214 ,  356 ,  9.189 ,  821 ,  34.594 
  158 ,  11.426 ,  -   ,  16.484 ,  -   ,  3.894 ,  13.827 ,  3.418 ,  -   ,  744 ,  1.058 ,  -   ,  356 ,  24.662 ,  -   ,  75.869 
  159 ,  2.566 ,  677 ,  18.182 ,  41 ,  7.265 ,  21.467 ,  9.452 ,  -   ,  -   ,  1.266 ,  -   ,  -   ,  39.478 ,  -   ,  100.394 
  160 ,  2.403 ,  -   ,  14.448 ,  -   ,  5.572 ,  10.200 ,  4.247 ,  -   ,  71 ,  579 ,  -   ,  -   ,  15.674 ,  304 ,  53.498 
  161 ,  6.035 ,  895 ,  18.754 ,  -   ,  2.114 ,  24.782 ,  15.256 ,  46 ,  605 ,  2.305 ,  338 ,  6.112 ,  44.721 ,  -   ,  121.963 
  162 ,  2.421 ,  896 ,  20.108 ,  444 ,  3.139 ,  12.389 ,  6.646 ,  -   ,  634 ,  1.569 ,  -   ,  1.192 ,  18.660 ,  670 ,  68.767 
  163 ,  9.304 ,  -   ,  14.116 ,  -   ,  2.739 ,  22.127 ,  23.827 ,  -   ,  326 ,  407 ,  -   ,  5.606 ,  17.547 ,  1.522 ,  97.522 
  164 ,  923 ,  2.049 ,  5.652 ,  -   ,  502 ,  6.939 ,  2.131 ,  -   ,  -   ,  141 ,  -   ,  1.520 ,  5.878 ,  -   ,  25.735 
  165 ,  5.840 ,  18 ,  12.057 ,  -   ,  178 ,  10.923 ,  942 ,  329 ,  410 ,  2.115 ,  -   ,  104 ,  4.645 ,  -   ,  37.562 
  166 ,  21.006 ,  6.389 ,  17.849 ,  -   ,  5.959 ,  24.933 ,  14.767 ,  51 ,  520 ,  4.497 ,  961 ,  -   ,  22.396 ,  -   ,  119.328 
  167 ,  22.693 ,  10.174 ,  22.115 ,  -   ,  1.569 ,  28.147 ,  8.118 ,  52 ,  968 ,  1.262 ,  290 ,  660 ,  22.087 ,  -   ,  118.134 
  168 ,  13.193 ,  7.765 ,  10.403 ,  338 ,  1.226 ,  14.432 ,  7.048 ,  -   ,  -   ,  1.214 ,  166 ,  -   ,  18.037 ,  257 ,  74.079 
  169 ,  26.454 ,  2.323 ,  20.479 ,  -   ,  1.484 ,  16.201 ,  5.482 ,  -   ,  50 ,  974 ,  437 ,  653 ,  12.360 ,  379 ,  87.276 
  170 ,  14.641 ,  945 ,  27.570 ,  353 ,  4.518 ,  16.719 ,  6.423 ,  172 ,  619 ,  1.212 ,  -   ,  838 ,  23.292 ,  -   ,  97.305 
  171 ,  12.478 ,  -   ,  23.540 ,  247 ,  1.977 ,  15.076 ,  4.993 ,  441 ,  193 ,  1.073 ,  -   ,  -   ,  21.018 ,  126 ,  81.162 
  172 ,  6.326 ,  -   ,  10.514 ,  -   ,  2.093 ,  13.093 ,  5.786 ,  111 ,  1.458 ,  149 ,  -   ,  902 ,  11.545 ,  -   ,  51.976 
  173 ,  10.117 ,  47 ,  4.527 ,  -   ,  769 ,  6.039 ,  3.713 ,  -   ,  -   ,  1.070 ,  -   ,  902 ,  17.932 ,  -   ,  45.117 
  174 ,  6.784 ,  697 ,  17.569 ,  -   ,  6.863 ,  8.385 ,  3.728 ,  315 ,  315 ,  992 ,  -   ,  1.014 ,  39.102 ,  276 ,  86.039 
  175 ,  3.467 ,  663 ,  10.258 ,  -   ,  4.174 ,  8.546 ,  6.234 ,  -   ,  297 ,  495 ,  247 ,  -   ,  24.742 ,  1.028 ,  60.150 
  176 ,  6.459 ,  249 ,  6.599 ,  -   ,  5.395 ,  11.878 ,  7.348 ,  -   ,  62 ,  775 ,  186 ,  -   ,  19.552 ,  -   ,  58.503 
  177 ,  864 ,  -   ,  2.790 ,  95 ,  498 ,  2.700 ,  1.043 ,  91 ,  30 ,  408 ,  -   ,  251 ,  5.117 ,  46 ,  13.932 
  178 ,  572 ,  274 ,  1.220 ,  -   ,  -   ,  616 ,  -   ,  -   ,  -   ,  -   ,  -   ,  -   ,  1.266 ,  -   ,  3.949 
  179 ,  -   ,  -   ,  -   ,  -   ,  -   ,  -   ,  -   ,  -   ,  -   ,  -   ,  -   ,  -   ,  -   ,  -   ,  -   
  180 ,  10.038 ,  1.404 ,  20.161 ,  630 ,  5.553 ,  19.616 ,  4.220 ,  -   ,  -   ,  1.000 ,  -   ,  1.510 ,  55.631 ,  -   ,  119.763 
  181 ,  6.868 ,  711 ,  15.326 ,  247 ,  4.939 ,  15.286 ,  10.918 ,  -   ,  -   ,  23 ,  -   ,  188 ,  26.417 ,  1.618 ,  82.542 
  182 ,  6.852 ,  -   ,  14.901 ,  -   ,  3.255 ,  11.129 ,  3.048 ,  -   ,  977 ,  222 ,  -   ,  1.057 ,  24.014 ,  -   ,  65.454 
  183 ,  10.346 ,  1.622 ,  11.747 ,  303 ,  3.731 ,  11.868 ,  7.644 ,  -   ,  1.347 ,  -   ,  -   ,  1.948 ,  17.152 ,  -   ,  67.707 
  184 ,  4.211 ,  -   ,  4.540 ,  -   ,  2.030 ,  7.655 ,  2.544 ,  -   ,  551 ,  185 ,  -   ,  133 ,  21.061 ,  -   ,  42.912 
  185 ,  2.806 ,  193 ,  7.345 ,  -   ,  2.068 ,  4.264 ,  1.295 ,  234 ,  -   ,  -   ,  -   ,  -   ,  11.688 ,  -   ,  29.892 
  186 ,  1.417 ,  -   ,  4.668 ,  97 ,  2.743 ,  1.421 ,  1.131 ,  -   ,  171 ,  107 ,  -   ,  -   ,  5.532 ,  97 ,  17.385 
  187 ,  5.236 ,  3.432 ,  10.886 ,  342 ,  2.748 ,  7.930 ,  2.017 ,  -   ,  -   ,  1.894 ,  -   ,  1.329 ,  26.996 ,  342 ,  63.153 
  188 ,  6.054 ,  2.217 ,  20.435 ,  -   ,  3.953 ,  14.395 ,  6.110 ,  -   ,  810 ,  -   ,  -   ,  158 ,  23.028 ,  -   ,  77.160 
  189 ,  9.720 ,  4.374 ,  16.719 ,  -   ,  1.001 ,  14.313 ,  14.312 ,  -   ,  -   ,  -   ,  -   ,  -   ,  31.511 ,  -   ,  91.951 
  190 ,  7.403 ,  2.730 ,  21.845 ,  -   ,  6.237 ,  12.425 ,  9.597 ,  -   ,  102 ,  1.502 ,  -   ,  -   ,  20.954 ,  872 ,  83.667 
  191 ,  9.089 ,  2.318 ,  8.898 ,  -   ,  -   ,  6.065 ,  246 ,  -   ,  -   ,  184 ,  -   ,  -   ,  1.575 ,  -   ,  28.375 
  192 ,  7.832 ,  1.043 ,  5.479 ,  -   ,  4.802 ,  6.063 ,  2.112 ,  73 ,  318 ,  757 ,  -   ,  -   ,  22.754 ,  324 ,  51.557 
  193 ,  4.267 ,  -   ,  6.959 ,  -   ,  1.752 ,  6.238 ,  3.059 ,  -   ,  -   ,  -   ,  -   ,  691 ,  14.290 ,  -   ,  37.255 
  194 ,  3.248 ,  148 ,  8.069 ,  -   ,  3.038 ,  1.648 ,  454 ,  -   ,  -   ,  705 ,  -   ,  -   ,  16.253 ,  754 ,  34.318 
  195 ,  8.002 ,  1.032 ,  8.002 ,  580 ,  2.520 ,  6.090 ,  1.164 ,  -   ,  -   ,  1.280 ,  -   ,  -   ,  19.545 ,  60 ,  48.275 
  196 ,  5.113 ,  2.312 ,  10.466 ,  -   ,  3.638 ,  4.259 ,  3.434 ,  -   ,  -   ,  777 ,  -   ,  980 ,  19.672 ,  -   ,  50.650 
  197 ,  4.342 ,  2.799 ,  11.074 ,  -   ,  2.757 ,  9.668 ,  2.659 ,  -   ,  -   ,  558 ,  -   ,  137 ,  15.086 ,  729 ,  49.810 
  198 ,  6.201 ,  5.419 ,  32.129 ,  246 ,  2.709 ,  17.714 ,  7.899 ,  -   ,  129 ,  1.213 ,  -   ,  137 ,  26.943 ,  1.060 ,  101.799 
  199 ,  8.323 ,  5.642 ,  16.485 ,  -   ,  7.974 ,  16.791 ,  17.569 ,  -   ,  998 ,  1.441 ,  -   ,  6.041 ,  82.307 ,  -   ,  163.571 
  200 ,  4.708 ,  3.341 ,  5.738 ,  -   ,  565 ,  5.632 ,  3.788 ,  -   ,  -   ,  1.051 ,  109 ,  1.270 ,  26.480 ,  -   ,  52.682 
  201 ,  6.591 ,  7.998 ,  18.480 ,  603 ,  5.708 ,  19.992 ,  9.216 ,  -   ,  -   ,  1.541 ,  -   ,  3.008 ,  67.033 ,  705 ,  140.876 
  202 ,  11.671 ,  10.088 ,  14.353 ,  451 ,  13.206 ,  12.784 ,  4.522 ,  -   ,  -   ,  1.210 ,  -   ,  490 ,  24.902 ,  589 ,  94.266 
  203 ,  9.231 ,  2.776 ,  14.495 ,  -   ,  3.102 ,  4.941 ,  3.306 ,  -   ,  -   ,  678 ,  -   ,  -   ,  31.451 ,  -   ,  69.979 
  204 ,  13.395 ,  9.312 ,  24.946 ,  -   ,  2.382 ,  12.112 ,  11.467 ,  -   ,  5.770 ,  2.872 ,  -   ,  3.562 ,  81.302 ,  -   ,  167.122 
  205 ,  16.757 ,  6.758 ,  18.462 ,  384 ,  3.262 ,  17.980 ,  8.786 ,  -   ,  -   ,  1.153 ,  976 ,  907 ,  70.708 ,  -   ,  146.132 
  206 ,  6.100 ,  4.382 ,  18.841 ,  -   ,  9.585 ,  17.314 ,  12.500 ,  -   ,  -   ,  1.152 ,  592 ,  479 ,  30.109 ,  -   ,  101.054 
  207 ,  5.036 ,  9.926 ,  15.248 ,  924 ,  6.161 ,  12.814 ,  6.531 ,  -   ,  843 ,  1.121 ,  -   ,  158 ,  71.461 ,  -   ,  130.223 
  208 ,  7.613 ,  3.189 ,  21.542 ,  268 ,  4.886 ,  25.808 ,  9.629 ,  -   ,  349 ,  809 ,  -   ,  752 ,  25.646 ,  -   ,  100.492 
  209 ,  7.283 ,  -   ,  14.499 ,  -   ,  5.108 ,  18.172 ,  10.406 ,  164 ,  1.254 ,  998 ,  602 ,  -   ,  21.369 ,  888 ,  80.743 
  210 ,  8.066 ,  3.152 ,  20.047 ,  -   ,  1.114 ,  24.026 ,  12.572 ,  482 ,  3.313 ,  1.555 ,  -   ,  1.505 ,  18.801 ,  -   ,  94.631 
  211 ,  4.101 ,  -   ,  36.875 ,  -   ,  3.445 ,  28.454 ,  11.666 ,  371 ,  396 ,  2.150 ,  622 ,  1.574 ,  21.712 ,  -   ,  111.367 
  212 ,  2.975 ,  -   ,  11.220 ,  -   ,  135 ,  8.574 ,  4.640 ,  -   ,  246 ,  1.609 ,  -   ,  -   ,  24.373 ,  661 ,  54.433 
  213 ,  5.680 ,  320 ,  23.829 ,  -   ,  6.872 ,  14.146 ,  8.333 ,  -   ,  246 ,  1.705 ,  602 ,  -   ,  24.270 ,  -   ,  86.003 
  214 ,  9.575 ,  -   ,  11.285 ,  -   ,  3.855 ,  7.618 ,  2.031 ,  -   ,  -   ,  1.557 ,  -   ,  434 ,  16.092 ,  -   ,  52.448 
  215 ,  8.132 ,  -   ,  9.705 ,  456 ,  3.196 ,  21.063 ,  9.363 ,  6 ,  193 ,  1.803 ,  -   ,  -   ,  20.468 ,  -   ,  74.385 
  216 ,  12.410 ,  -   ,  7.567 ,  -   ,  4.275 ,  15.413 ,  8.080 ,  -   ,  438 ,  27 ,  -   ,  -   ,  21.932 ,  -   ,  70.143 
  217 ,  8.119 ,  447 ,  7.001 ,  364 ,  3.988 ,  11.908 ,  4.679 ,  -   ,  -   ,  1.046 ,  -   ,  -   ,  26.898 ,  -   ,  64.451 
  218 ,  23.015 ,  -   ,  21.410 ,  -   ,  6.842 ,  19.167 ,  12.468 ,  -   ,  -   ,  350 ,  -   ,  -   ,  51.499 ,  639 ,  135.389 
  219 ,  8.364 ,  154 ,  15.561 ,  -   ,  5.078 ,  19.427 ,  10.077 ,  168 ,  -   ,  687 ,  -   ,  3.448 ,  27.993 ,  1.721 ,  92.677 
  220 ,  4.834 ,  945 ,  13.688 ,  358 ,  1.279 ,  8.989 ,  7.137 ,  -   ,  300 ,  905 ,  296 ,  267 ,  24.094 ,  62 ,  63.154 
  221 ,  7.573 ,  -   ,  17.880 ,  364 ,  7.300 ,  19.263 ,  14.410 ,  -   ,  -   ,  1.291 ,  -   ,  527 ,  21.514 ,  62 ,  90.184 
  222 ,  6.847 ,  1.467 ,  14.164 ,  -   ,  2.705 ,  21.113 ,  9.878 ,  -   ,  707 ,  1.886 ,  -   ,  -   ,  20.037 ,  -   ,  78.807 
  223 ,  4.347 ,  210 ,  7.968 ,  274 ,  3.742 ,  9.633 ,  3.289 ,  -   ,  -   ,  1.954 ,  -   ,  -   ,  9.097 ,  548 ,  41.062 
  224 ,  448 ,  -   ,  3.847 ,  1.535 ,  -   ,  1.706 ,  1.743 ,  -   ,  -   ,  -   ,  -   ,  -   ,  3.404 ,  -   ,  12.683 
  225 ,  4.629 ,  986 ,  12.491 ,  -   ,  2.759 ,  7.060 ,  3.212 ,  -   ,  -   ,  708 ,  -   ,  -   ,  20.370 ,  -   ,  52.215 
  226 ,  23.057 ,  7.248 ,  19.162 ,  -   ,  8.007 ,  27.102 ,  18.124 ,  -   ,  -   ,  2.052 ,  521 ,  -   ,  70.125 ,  -   ,  175.398 
  227 ,  10.782 ,  7.359 ,  18.369 ,  897 ,  9.409 ,  16.051 ,  8.339 ,  -   ,  1.348 ,  240 ,  -   ,  -   ,  18.353 ,  -   ,  91.148 
  228 ,  4.554 ,  5.604 ,  10.763 ,  -   ,  2.306 ,  8.354 ,  5.027 ,  -   ,  -   ,  910 ,  -   ,  660 ,  22.341 ,  -   ,  60.518 
  229 ,  20.745 ,  7.369 ,  64.257 ,  603 ,  16.861 ,  23.670 ,  14.279 ,  -   ,  2.010 ,  563 ,  365 ,  660 ,  94.887 ,  -   ,  246.269 
  230 ,  10.088 ,  5.630 ,  24.758 ,  -   ,  11.967 ,  13.174 ,  4.871 ,  -   ,  -   ,  918 ,  272 ,  -   ,  47.472 ,  -   ,  119.151 
  231 ,  3.687 ,  363 ,  17.325 ,  1.118 ,  3.774 ,  3.952 ,  1.153 ,  -   ,  -   ,  692 ,  -   ,  -   ,  16.500 ,  910 ,  49.474 
  232 ,  3.963 ,  612 ,  22.166 ,  -   ,  5.685 ,  7.607 ,  3.923 ,  -   ,  -   ,  1.534 ,  -   ,  282 ,  29.230 ,  -   ,  75.002 
  233 ,  5.953 ,  1.027 ,  23.655 ,  959 ,  4.483 ,  9.111 ,  2.545 ,  -   ,  -   ,  1.583 ,  -   ,  6.284 ,  38.944 ,  -   ,  94.544 
  234 ,  5.000 ,  649 ,  22.442 ,  684 ,  2.891 ,  12.397 ,  6.511 ,  -   ,  -   ,  992 ,  -   ,  382 ,  53.415 ,  -   ,  105.363 
  235 ,  4.239 ,  -   ,  26.075 ,  -   ,  9.191 ,  15.649 ,  3.873 ,  -   ,  -   ,  3.607 ,  -   ,  1.405 ,  36.652 ,  409 ,  101.100 
  236 ,  3.432 ,  332 ,  11.054 ,  88 ,  1.064 ,  8.407 ,  3.407 ,  -   ,  1.209 ,  58 ,  -   ,  59 ,  13.358 ,  -   ,  42.469 
  237 ,  3.354 ,  418 ,  11.653 ,  192 ,  183 ,  13.159 ,  4.564 ,  288 ,  194 ,  1.248 ,  -   ,  77 ,  11.974 ,  -   ,  47.304 
  238 ,  9.977 ,  -   ,  8.139 ,  135 ,  1.032 ,  8.372 ,  5.561 ,  700 ,  755 ,  1.336 ,  -   ,  72 ,  7.672 ,  -   ,  43.749 
  239 ,  12.205 ,  1.127 ,  16.769 ,  -   ,  3.707 ,  20.931 ,  8.500 ,  15 ,  1.155 ,  2.686 ,  -   ,  1.016 ,  13.097 ,  -   ,  81.207 
  240 ,  4.933 ,  408 ,  14.423 ,  -   ,  58 ,  11.981 ,  4.528 ,  623 ,  641 ,  1.454 ,  817 ,  2.024 ,  13.738 ,  564 ,  56.191 
  241 ,  3.267 ,  1.276 ,  6.775 ,  -   ,  1.165 ,  6.396 ,  1.983 ,  -   ,  -   ,  926 ,  -   ,  1.291 ,  6.329 ,  159 ,  29.568 
  242 ,  10.487 ,  1.849 ,  8.503 ,  -   ,  2.411 ,  4.908 ,  3.071 ,  -   ,  -   ,  1.497 ,  97 ,  5.847 ,  13.392 ,  -   ,  52.063 
  243 ,  5.268 ,  344 ,  14.637 ,  -   ,  4.355 ,  17.067 ,  6.461 ,  -   ,  61 ,  2.174 ,  -   ,  491 ,  42.790 ,  -   ,  93.649 
  244 ,  6.970 ,  -   ,  20.623 ,  -   ,  7.235 ,  14.489 ,  6.302 ,  -   ,  2.147 ,  2.975 ,  -   ,  1.383 ,  48.191 ,  -   ,  110.313 
  245 ,  4.307 ,  -   ,  6.153 ,  -   ,  1.291 ,  5.512 ,  1.671 ,  -   ,  -   ,  484 ,  -   ,  -   ,  13.710 ,  -   ,  33.128 
  246 ,  6.007 ,  -   ,  15.338 ,  310 ,  1.783 ,  8.264 ,  1.929 ,  -   ,  168 ,  2.913 ,  -   ,  -   ,  9.759 ,  455 ,  46.925 
  247 ,  14.166 ,  -   ,  46.141 ,  894 ,  8.281 ,  34.202 ,  13.417 ,  725 ,  1.461 ,  2.740 ,  -   ,  -   ,  78.276 ,  -   ,  200.304 
  248 ,  245 ,  -   ,  1.196 ,  -   ,  -   ,  993 ,  1.609 ,  -   ,  173 ,  704 ,  704 ,  251 ,  108 ,  -   ,  5.983 
  249 ,  4.352 ,  -   ,  13.830 ,  147 ,  1.104 ,  14.145 ,  9.820 ,  238 ,  -   ,  337 ,  -   ,  880 ,  19.913 ,  -   ,  64.766 
  250 ,  6.068 ,  -   ,  9.544 ,  -   ,  1.262 ,  11.286 ,  4.188 ,  -   ,  1.694 ,  950 ,  -   ,  145 ,  11.244 ,  -   ,  46.381 
  251 ,  5.683 ,  -   ,  7.256 ,  -   ,  2.477 ,  11.355 ,  3.208 ,  -   ,  1.472 ,  1.017 ,  219 ,  -   ,  6.745 ,  -   ,  39.433 
  252 ,  6.576 ,  -   ,  6.706 ,  -   ,  2.259 ,  9.804 ,  1.057 ,  -   ,  106 ,  339 ,  -   ,  -   ,  17.744 ,  -   ,  44.591 
  253 ,  1.252 ,  2.654 ,  2.734 ,  -   ,  260 ,  2.176 ,  63 ,  22 ,  146 ,  755 ,  -   ,  169 ,  2.908 ,  -   ,  13.139 
  254 ,  22.239 ,  880 ,  22.860 ,  -   ,  2.684 ,  22.036 ,  10.287 ,  -   ,  724 ,  3.912 ,  843 ,  34 ,  18.888 ,  355 ,  105.744 
  255 ,  4.120 ,  3.553 ,  14.874 ,  814 ,  2.484 ,  36.243 ,  25.542 ,  -   ,  -   ,  103 ,  -   ,  3.508 ,  37.967 ,  -   ,  129.208 
  256 ,  4.686 ,  169 ,  11.945 ,  261 ,  2.134 ,  9.170 ,  4.126 ,  -   ,  522 ,  1.047 ,  556 ,  -   ,  7.916 ,  -   ,  42.531 
  257 ,  5.783 ,  -   ,  12.226 ,  -   ,  1.370 ,  14.185 ,  8.163 ,  -   ,  -   ,  319 ,  -   ,  -   ,  18.050 ,  -   ,  60.096 
  258 ,  8.148 ,  369 ,  27.779 ,  -   ,  6.559 ,  17.161 ,  8.150 ,  -   ,  -   ,  1.385 ,  -   ,  1.009 ,  23.443 ,  -   ,  94.003 
  259 ,  1.856 ,  -   ,  10.957 ,  208 ,  3.419 ,  7.031 ,  4.065 ,  -   ,  -   ,  942 ,  -   ,  314 ,  19.648 ,  139 ,  48.580 
  260 ,  9.159 ,  -   ,  9.681 ,  -   ,  2.547 ,  6.860 ,  1.908 ,  -   ,  -   ,  779 ,  -   ,  1.077 ,  24.636 ,  -   ,  56.645 
  261 ,  2.651 ,  204 ,  28.003 ,  -   ,  4.176 ,  17.129 ,  7.485 ,  -   ,  253 ,  1.909 ,  -   ,  778 ,  21.861 ,  -   ,  84.449 
  262 ,  7.042 ,  362 ,  23.973 ,  1.645 ,  1.658 ,  17.425 ,  10.802 ,  -   ,  828 ,  1.158 ,  195 ,  504 ,  42.075 ,  6.687 ,  114.352 
  263 ,  365 ,  -   ,  35.292 ,  287 ,  6.398 ,  14.823 ,  7.396 ,  -   ,  -   ,  1.662 ,  186 ,  -   ,  48.969 ,  303 ,  115.682 
  264 ,  7.226 ,  -   ,  35.787 ,  -   ,  3.343 ,  17.331 ,  9.270 ,  -   ,  -   ,  851 ,  -   ,  1.276 ,  34.287 ,  -   ,  109.373 
  265 ,  6.428 ,  324 ,  22.278 ,  -   ,  1.750 ,  13.947 ,  11.027 ,  -   ,  1.815 ,  2.627 ,  303 ,  -   ,  39.691 ,  -   ,  100.188 
  266 ,  850 ,  -   ,  4.264 ,  -   ,  1.123 ,  3.769 ,  1.358 ,  -   ,  83 ,  2.611 ,  -   ,  -   ,  7.929 ,  -   ,  21.986 
  267 ,  1.612 ,  1.126 ,  13.604 ,  690 ,  3.285 ,  9.846 ,  5.957 ,  -   ,  -   ,  275 ,  275 ,  222 ,  17.953 ,  -   ,  54.844 
  268 ,  1.393 ,  -   ,  9.646 ,  -   ,  1.860 ,  13.464 ,  2.049 ,  181 ,  986 ,  1.148 ,  301 ,  748 ,  8.009 ,  -   ,  39.785 
  269 ,  3.670 ,  82 ,  17.317 ,  748 ,  1.152 ,  18.165 ,  4.867 ,  859 ,  1.150 ,  1.274 ,  167 ,  970 ,  15.916 ,  -   ,  66.337 
  270 ,  2.270 ,  -   ,  4.941 ,  153 ,  847 ,  8.224 ,  4.280 ,  114 ,  380 ,  946 ,  -   ,  -   ,  5.318 ,  -   ,  27.473 
  271 ,  2.526 ,  -   ,  4.506 ,  540 ,  -   ,  9.565 ,  242 ,  304 ,  1.357 ,  1.580 ,  -   ,  -   ,  1.145 ,  639 ,  22.402 
  272 ,  3.201 ,  -   ,  7.368 ,  38 ,  2.602 ,  14.893 ,  4.349 ,  -   ,  1.077 ,  404 ,  -   ,  114 ,  7.814 ,  -   ,  41.859 
  273 ,  8.752 ,  32 ,  25.695 ,  -   ,  7.292 ,  28.433 ,  12.275 ,  287 ,  265 ,  1.603 ,  704 ,  -   ,  34.084 ,  436 ,  119.859 
  274 ,  25.192 ,  -   ,  19.720 ,  10 ,  3.501 ,  25.808 ,  15.422 ,  819 ,  1.451 ,  27 ,  -   ,  -   ,  42.544 ,  -   ,  134.492 
  275 ,  20.972 ,  -   ,  15.438 ,  159 ,  3.307 ,  21.043 ,  11.078 ,  -   ,  857 ,  2.160 ,  -   ,  -   ,  37.123 ,  274 ,  112.412 
  276 ,  15.715 ,  -   ,  31.194 ,  -   ,  6.684 ,  34.156 ,  23.944 ,  -   ,  195 ,  4.654 ,  389 ,  -   ,  43.410 ,  -   ,  160.341 
  277 ,  4.669 ,  496 ,  24.673 ,  -   ,  4.954 ,  27.870 ,  14.730 ,  -   ,  -   ,  1.790 ,  673 ,  67 ,  44.454 ,  -   ,  124.376 
  278 ,  10.959 ,  -   ,  48.475 ,  -   ,  12.629 ,  23.239 ,  13.504 ,  -   ,  1.427 ,  6.855 ,  1.111 ,  1.023 ,  90.601 ,  -   ,  209.824 
  279 ,  4.924 ,  1.691 ,  26.397 ,  -   ,  10.680 ,  7.004 ,  2.034 ,  -   ,  121 ,  2.422 ,  363 ,  -   ,  45.270 ,  862 ,  101.768 
  280 ,  5.865 ,  5.545 ,  26.095 ,  1.626 ,  976 ,  18.146 ,  4.243 ,  -   ,  143 ,  2.310 ,  122 ,  339 ,  13.418 ,  -   ,  78.829 
  281 ,  2.228 ,  2.439 ,  20.758 ,  520 ,  6.292 ,  22.578 ,  11.301 ,  723 ,  1.341 ,  1.411 ,  1.110 ,  -   ,  14.532 ,  -   ,  85.232 
  282 ,  3.540 ,  61 ,  21.249 ,  -   ,  2.002 ,  20.614 ,  6.579 ,  279 ,  1.372 ,  5.005 ,  1.232 ,  -   ,  23.930 ,  862 ,  86.725 
  283 ,  960 ,  929 ,  5.835 ,  -   ,  322 ,  3.877 ,  948 ,  59 ,  119 ,  303 ,  -   ,  132 ,  5.530 ,  189 ,  19.204 
  284 ,  2.177 ,  2.918 ,  22.663 ,  667 ,  8.867 ,  14.106 ,  3.708 ,  -   ,  348 ,  707 ,  -   ,  -   ,  26.147 ,  -   ,  82.308 
  285 ,  5.627 ,  3.197 ,  28.610 ,  930 ,  11.095 ,  22.977 ,  15.558 ,  -   ,  1.282 ,  6.125 ,  -   ,  -   ,  74.640 ,  -   ,  170.041 
  286 ,  2.626 ,  1.965 ,  19.611 ,  139 ,  1.153 ,  10.497 ,  4.281 ,  -   ,  555 ,  4.461 ,  -   ,  379 ,  4.842 ,  -   ,  50.509 
  287 ,  1.377 ,  1.115 ,  13.690 ,  1.080 ,  3.090 ,  19.397 ,  8.040 ,  238 ,  598 ,  1.343 ,  -   ,  2.683 ,  16.968 ,  -   ,  69.619 
  288 ,  1.026 ,  1.016 ,  20.120 ,  -   ,  4.372 ,  6.440 ,  2.338 ,  -   ,  77 ,  1.894 ,  -   ,  245 ,  12.508 ,  -   ,  50.035 
  289 ,  2.544 ,  6.905 ,  22.892 ,  540 ,  7.951 ,  14.745 ,  5.906 ,  -   ,  1.991 ,  824 ,  -   ,  796 ,  29.951 ,  639 ,  95.685 
  290 ,  4.618 ,  7.299 ,  16.836 ,  -   ,  5.891 ,  8.113 ,  2.735 ,  -   ,  -   ,  1.232 ,  -   ,  -   ,  40.837 ,  2.516 ,  90.077 
  291 ,  4.817 ,  11.377 ,  24.517 ,  785 ,  11.747 ,  25.887 ,  16.830 ,  -   ,  -   ,  1.555 ,  330 ,  -   ,  34.800 ,  -   ,  132.646 
  292 ,  4.537 ,  3.660 ,  15.255 ,  -   ,  8.179 ,  16.951 ,  8.852 ,  -   ,  2.848 ,  3.771 ,  -   ,  -   ,  34.201 ,  -   ,  98.255 
  293 ,  8.040 ,  10.029 ,  33.485 ,  -   ,  14.922 ,  8.596 ,  10.138 ,  295 ,  2.498 ,  3.467 ,  -   ,  1.710 ,  49.696 ,  2.516 ,  145.393 
  294 ,  6.903 ,  15.271 ,  35.253 ,  930 ,  13.622 ,  7.816 ,  1.346 ,  -   ,  -   ,  1.939 ,  802 ,  -   ,  84.813 ,  1.386 ,  170.081 
  295 ,  5.283 ,  10.898 ,  45.543 ,  -   ,  13.320 ,  17.229 ,  12.900 ,  -   ,  -   ,  5.058 ,  823 ,  1.778 ,  56.546 ,  -   ,  169.379 
  296 ,  219 ,  37 ,  1.503 ,  -   ,  2.355 ,  1.872 ,  893 ,  -   ,  -   ,  142 ,  -   ,  742 ,  1.209 ,  -   ,  8.973 
  297 ,  25 ,  109 ,  1.182 ,  308 ,  316 ,  1.290 ,  436 ,  -   ,  -   ,  -   ,  -   ,  130 ,  536 ,  -   ,  4.333 
  298 ,  3.932 ,  14.332 ,  49.508 ,  565 ,  26.289 ,  16.496 ,  13.897 ,  -   ,  939 ,  2.197 ,  301 ,  2.073 ,  89.038 ,  623 ,  220.190 
  299 ,  386 ,  326 ,  3.548 ,  -   ,  884 ,  1.583 ,  398 ,  146 ,  132 ,  193 ,  104 ,  -   ,  2.431 ,  -   ,  10.131 
  300 ,  25.251 ,  24.281 ,  53.876 ,  842 ,  3.750 ,  68.360 ,  22.181 ,  1.762 ,  2.057 ,  5.821 ,  708 ,  1.488 ,  59.517 ,  533 ,  270.427 
  301 ,  3.857 ,  364 ,  15.094 ,  -   ,  1.880 ,  14.364 ,  7.098 ,  79 ,  1.979 ,  695 ,  -   ,  79 ,  4.431 ,  -   ,  49.919 
  302 ,  15.751 ,  1.435 ,  46.773 ,  749 ,  2.185 ,  22.435 ,  9.790 ,  515 ,  338 ,  1.423 ,  87 ,  362 ,  18.289 ,  -   ,  120.132 
  303 ,  16.616 ,  7.720 ,  59.101 ,  821 ,  2.463 ,  18.583 ,  5.124 ,  189 ,  402 ,  5.896 ,  550 ,  265 ,  13.511 ,  644 ,  131.886 
  304 ,  11.901 ,  459 ,  42.330 ,  -   ,  8.039 ,  23.426 ,  5.540 ,  -   ,  1.202 ,  4.664 ,  1.028 ,  848 ,  64.607 ,  523 ,  164.567 
  305 ,  5.327 ,  2.473 ,  69.375 ,  -   ,  7.493 ,  20.712 ,  4.769 ,  -   ,  2.091 ,  4.045 ,  990 ,  -   ,  89.002 ,  -   ,  206.277 
  306 ,  3.531 ,  704 ,  30.149 ,  -   ,  8.016 ,  6.058 ,  1.511 ,  -   ,  1.229 ,  2.883 ,  -   ,  -   ,  46.699 ,  -   ,  100.781 
  307 ,  6.878 ,  708 ,  48.967 ,  -   ,  15.748 ,  13.476 ,  5.209 ,  -   ,  277 ,  4.268 ,  -   ,  -   ,  50.118 ,  287 ,  145.935 
  308 ,  921 ,  249 ,  17.629 ,  -   ,  6.568 ,  4.092 ,  819 ,  -   ,  425 ,  217 ,  -   ,  -   ,  30.496 ,  -   ,  61.416 
  309 ,  3.883 ,  387 ,  29.586 ,  -   ,  8.271 ,  6.494 ,  3.029 ,  -   ,  855 ,  1.396 ,  -   ,  829 ,  23.708 ,  87 ,  78.526 
  310 ,  518 ,  -   ,  9.502 ,  -   ,  2.329 ,  3.077 ,  2.212 ,  -   ,  190 ,  786 ,  -   ,  -   ,  10.081 ,  449 ,  29.144 
  311 ,  4.094 ,  6.675 ,  42.508 ,  -   ,  11.380 ,  14.300 ,  8.896 ,  -   ,  293 ,  7.255 ,  1.258 ,  -   ,  55.855 ,  248 ,  152.762 
  312 ,  7.092 ,  581 ,  20.619 ,  155 ,  7.115 ,  14.322 ,  11.392 ,  -   ,  1.191 ,  3.898 ,  494 ,  -   ,  26.473 ,  -   ,  93.332 
  313 ,  1.291 ,  516 ,  11.313 ,  99 ,  3.581 ,  6.156 ,  2.883 ,  -   ,  -   ,  1.442 ,  -   ,  -   ,  17.575 ,  689 ,  45.544 
  314 ,  13.547 ,  -   ,  54.196 ,  -   ,  20.270 ,  16.750 ,  6.936 ,  -   ,  1.157 ,  3.741 ,  -   ,  -   ,  69.462 ,  230 ,  186.290 
  315 ,  12.799 ,  -   ,  44.995 ,  528 ,  10.899 ,  14.123 ,  4.446 ,  -   ,  620 ,  6.667 ,  330 ,  1.532 ,  77.888 ,  -   ,  174.827 
  316 ,  4.728 ,  1.568 ,  7.221 ,  72 ,  3.037 ,  15.013 ,  6.959 ,  388 ,  1.251 ,  2.172 ,  -   ,  1.111 ,  4.208 ,  -   ,  47.729 
  317 ,  1.445 ,  1.569 ,  3.303 ,  -   ,  123 ,  6.769 ,  1.570 ,  35 ,  498 ,  1.256 ,  -   ,  40 ,  762 ,  -   ,  17.372 
  318 ,  2.635 ,  2.827 ,  12.434 ,  -   ,  1.418 ,  11.478 ,  2.361 ,  24 ,  361 ,  2.704 ,  125 ,  -   ,  11.252 ,  527 ,  48.146 
  319 ,  1.669 ,  -   ,  11.115 ,  2.877 ,  2.327 ,  12.133 ,  2.968 ,  182 ,  292 ,  990 ,  -   ,  158 ,  5.349 ,  -   ,  40.061 
  320 ,  2.831 ,  -   ,  29.315 ,  -   ,  3.714 ,  9.717 ,  3.403 ,  238 ,  630 ,  1.295 ,  276 ,  181 ,  48.073 ,  274 ,  99.948 
  321 ,  5.792 ,  134 ,  17.261 ,  -   ,  4.236 ,  32.806 ,  9.650 ,  698 ,  1.308 ,  2.165 ,  210 ,  643 ,  24.924 ,  -   ,  99.828 
  322 ,  3.405 ,  472 ,  14.955 ,  -   ,  8.011 ,  26.089 ,  6.828 ,  424 ,  1.857 ,  1.777 ,  -   ,  269 ,  18.194 ,  -   ,  82.279 
  323 ,  10.729 ,  825 ,  17.916 ,  -   ,  12.896 ,  12.799 ,  9.158 ,  -   ,  -   ,  1.573 ,  -   ,  -   ,  29.694 ,  539 ,  96.128 
  324 ,  1.980 ,  -   ,  36.805 ,  462 ,  12.502 ,  10.029 ,  3.308 ,  -   ,  527 ,  3.679 ,  -   ,  -   ,  28.706 ,  -   ,  97.998 
  325 ,  2.556 ,  -   ,  17.702 ,  -   ,  4.107 ,  14.780 ,  15.445 ,  364 ,  -   ,  1.333 ,  694 ,  488 ,  31.100 ,  -   ,  88.567 
  326 ,  7.093 ,  45 ,  19.269 ,  -   ,  3.155 ,  12.046 ,  7.018 ,  -   ,  -   ,  1.751 ,  -   ,  416 ,  12.862 ,  422 ,  64.076 
  327 ,  828 ,  48 ,  5.475 ,  -   ,  1.706 ,  10.102 ,  4.413 ,  114 ,  223 ,  782 ,  -   ,  -   ,  8.068 ,  -   ,  31.760 
  328 ,  2.955 ,  864 ,  8.344 ,  1.007 ,  4.105 ,  16.442 ,  8.499 ,  658 ,  219 ,  1.141 ,  -   ,  -   ,  8.737 ,  197 ,  53.169 
  329 ,  4.264 ,  2.553 ,  15.711 ,  -   ,  2.941 ,  27.038 ,  14.129 ,  173 ,  1.206 ,  3.269 ,  891 ,  991 ,  16.932 ,  -   ,  90.098 
  330 ,  3.358 ,  523 ,  12.283 ,  -   ,  4.311 ,  21.247 ,  7.199 ,  317 ,  527 ,  1.123 ,  -   ,  -   ,  12.945 ,  -   ,  63.833 
  331 ,  3.347 ,  132 ,  15.171 ,  96 ,  8.926 ,  14.233 ,  7.689 ,  -   ,  317 ,  2.195 ,  -   ,  617 ,  17.401 ,  -   ,  70.125 
  332 ,  3.014 ,  1.049 ,  13.418 ,  -   ,  5.416 ,  10.789 ,  7.183 ,  -   ,  -   ,  3.431 ,  1.109 ,  617 ,  35.780 ,  -   ,  81.806 
  333 ,  1.965 ,  2.185 ,  8.838 ,  920 ,  1.444 ,  7.149 ,  1.612 ,  -   ,  -   ,  1.722 ,  -   ,  -   ,  8.661 ,  -   ,  34.495 
  334 ,  1.717 ,  86 ,  12.375 ,  -   ,  7.611 ,  19.320 ,  6.536 ,  312 ,  341 ,  2.254 ,  -   ,  24 ,  17.801 ,  -   ,  68.377 
  335 ,  2.128 ,  568 ,  13.730 ,  -   ,  4.859 ,  14.498 ,  7.633 ,  -   ,  418 ,  960 ,  -   ,  507 ,  23.665 ,  -   ,  68.967 
  336 ,  1.915 ,  -   ,  19.332 ,  -   ,  8.984 ,  10.757 ,  2.482 ,  -   ,  -   ,  1.219 ,  -   ,  191 ,  14.693 ,  951 ,  60.524 
  337 ,  2.024 ,  3.127 ,  10.719 ,  -   ,  5.682 ,  11.573 ,  8.242 ,  -   ,  427 ,  714 ,  -   ,  191 ,  9.756 ,  401 ,  52.854 
  338 ,  5.357 ,  3.218 ,  15.181 ,  -   ,  1.421 ,  12.819 ,  5.383 ,  372 ,  132 ,  2.494 ,  -   ,  3.103 ,  21.457 ,  179 ,  71.115 
  339 ,  19.504 ,  3.726 ,  21.881 ,  351 ,  521 ,  27.193 ,  4.303 ,  237 ,  1.094 ,  1.588 ,  -   ,  2.169 ,  7.078 ,  -   ,  89.645 
  340 ,  6.726 ,  -   ,  9.401 ,  315 ,  394 ,  14.195 ,  2.442 ,  453 ,  602 ,  613 ,  -   ,  656 ,  3.377 ,  337 ,  39.510 
  341 ,  1.991 ,  169 ,  4.988 ,  -   ,  2.088 ,  7.203 ,  2.566 ,  77 ,  237 ,  2.819 ,  -   ,  251 ,  7.271 ,  -   ,  29.662 
  342 ,  6.269 ,  2.047 ,  9.658 ,  -   ,  2.648 ,  22.436 ,  7.618 ,  820 ,  672 ,  758 ,  -   ,  684 ,  16.102 ,  -   ,  69.710 
  343 ,  108 ,  -   ,  352 ,  -   ,  703 ,  1.239 ,  473 ,  -   ,  69 ,  103 ,  -   ,  -   ,  661 ,  69 ,  3.779 
  344 ,  7.088 ,  5.726 ,  16.968 ,  1.487 ,  6.193 ,  26.048 ,  11.688 ,  -   ,  520 ,  1.200 ,  -   ,  -   ,  32.461 ,  69 ,  109.450 
  345 ,  608 ,  1.188 ,  4.359 ,  -   ,  6.088 ,  5.835 ,  1.775 ,  -   ,  -   ,  608 ,  341 ,  1.065 ,  16.805 ,  -   ,  38.674 
  346 ,  -   ,  -   ,  -   ,  -   ,  -   ,  125 ,  -   ,  -   ,  -   ,  -   ,  -   ,  -   ,  -   ,  -   ,  125 
  347 ,  108 ,  1.696 ,  20.771 ,  982 ,  15.525 ,  14.333 ,  11.252 ,  -   ,  37 ,  2.320 ,  -   ,  2.811 ,  48.270 ,  45 ,  118.149 
  348 ,  -   ,  -   ,  2.162 ,  350 ,  1.117 ,  1.536 ,  836 ,  -   ,  -   ,  159 ,  -   ,  48 ,  2.807 ,  45 ,  9.060 
  349 ,  -   ,  -   ,  -   ,  -   ,  -   ,  292 ,  -   ,  -   ,  -   ,  -   ,  -   ,  -   ,  -   ,  -   ,  292 
  350 ,  108 ,  4.197 ,  5.662 ,  604 ,  15.284 ,  7.805 ,  3.391 ,  -   ,  -   ,  1.471 ,  -   ,  -   ,  25.443 ,  -   ,  63.965 
  351 ,  3.804 ,  13.603 ,  18.331 ,  -   ,  10.443 ,  15.521 ,  9.166 ,  150 ,  -   ,  1.365 ,  -   ,  -   ,  44.076 ,  -   ,  116.458 
  352 ,  -   ,  -   ,  1.882 ,  -   ,  -   ,  3.037 ,  1.488 ,  -   ,  674 ,  -   ,  -   ,  -   ,  425 ,  -   ,  7.507 
  353 ,  -   ,  -   ,  379 ,  -   ,  -   ,  -   ,  -   ,  -   ,  -   ,  -   ,  -   ,  -   ,  -   ,  -   ,  379 
  354 ,  -   ,  -   ,  -   ,  -   ,  -   ,  493 ,  -   ,  -   ,  -   ,  -   ,  -   ,  -   ,  -   ,  -   ,  493 
  355 ,  3.363 ,  7.216 ,  10.418 ,  274 ,  3.776 ,  13.901 ,  5.117 ,  -   ,  -   ,  709 ,  -   ,  1.028 ,  41.599 ,  -   ,  87.401 
  356 ,  7.433 ,  14.042 ,  16.465 ,  294 ,  7.005 ,  8.687 ,  3.102 ,  171 ,  -   ,  2.737 ,  -   ,  -   ,  71.175 ,  -   ,  131.110 
  357 ,  252 ,  521 ,  341 ,  68 ,  157 ,  405 ,  146 ,  -   ,  -   ,  76 ,  -   ,  -   ,  2.813 ,  -   ,  4.779 
  358 ,  2.313 ,  -   ,  5.586 ,  223 ,  5.091 ,  12.783 ,  7.265 ,  199 ,  -   ,  446 ,  -   ,  1.661 ,  18.818 ,  304 ,  54.688 
  359 ,  241 ,  116 ,  1.868 ,  -   ,  3.616 ,  4.268 ,  1.831 ,  -   ,  -   ,  2.229 ,  940 ,  -   ,  7.909 ,  1.379 ,  24.396 
  360 ,  2.204 ,  17 ,  3.597 ,  -   ,  3.510 ,  4.032 ,  1.824 ,  -   ,  -   ,  446 ,  -   ,  2.342 ,  9.384 ,  -   ,  27.358 
  361 ,  445 ,  -   ,  2.177 ,  -   ,  3.279 ,  3.098 ,  1.179 ,  -   ,  -   ,  -   ,  -   ,  127 ,  6.260 ,  -   ,  16.565 
  362 ,  2.360 ,  -   ,  46.954 ,  393 ,  3.958 ,  27.021 ,  13.575 ,  979 ,  2.065 ,  5.022 ,  336 ,  -   ,  18.556 ,  -   ,  121.219 
  363 ,  3.511 ,  -   ,  27.444 ,  563 ,  5.663 ,  37.422 ,  14.931 ,  256 ,  1.869 ,  1.197 ,  -   ,  1.146 ,  34.780 ,  -   ,  128.781 
  364 ,  506 ,  1.850 ,  10.101 ,  736 ,  1.950 ,  11.607 ,  3.127 ,  -   ,  61 ,  1.299 ,  404 ,  290 ,  10.957 ,  -   ,  42.888 
  365 ,  526 ,  -   ,  11.855 ,  748 ,  138 ,  6.353 ,  1.505 ,  13 ,  315 ,  236 ,  -   ,  63 ,  2.767 ,  -   ,  24.519 
  366 ,  3.972 ,  334 ,  25.680 ,  760 ,  3.685 ,  28.686 ,  6.782 ,  -   ,  371 ,  3.587 ,  821 ,  390 ,  21.174 ,  324 ,  96.567 
  367 ,  1.370 ,  -   ,  9.292 ,  89 ,  2.404 ,  10.208 ,  8.541 ,  113 ,  -   ,  1.175 ,  -   ,  901 ,  15.833 ,  -   ,  49.926 
  368 ,  854 ,  -   ,  19.031 ,  -   ,  1.149 ,  23.731 ,  9.208 ,  -   ,  129 ,  1.069 ,  -   ,  -   ,  37.814 ,  -   ,  92.984 
  369 ,  4.054 ,  -   ,  21.128 ,  717 ,  7.488 ,  30.479 ,  14.257 ,  359 ,  349 ,  1.141 ,  -   ,  -   ,  34.288 ,  477 ,  114.737 
  370 ,  1.115 ,  -   ,  35.356 ,  -   ,  13.975 ,  41.701 ,  13.956 ,  -   ,  -   ,  9.929 ,  3.274 ,  63 ,  39.278 ,  1.957 ,  160.603 
  371 ,  2.740 ,  -   ,  18.223 ,  -   ,  6.129 ,  24.352 ,  18.338 ,  1.115 ,  749 ,  922 ,  -   ,  932 ,  32.522 ,  -   ,  106.022 
  372 ,  4.563 ,  6.196 ,  18.334 ,  1.433 ,  8.262 ,  22.730 ,  9.166 ,  636 ,  246 ,  -   ,  -   ,  -   ,  30.940 ,  -   ,  102.505 
  373 ,  2.680 ,  750 ,  29.246 ,  652 ,  6.932 ,  27.738 ,  23.839 ,  -   ,  -   ,  6.401 ,  -   ,  901 ,  44.593 ,  1.277 ,  145.010 
  374 ,  729 ,  7.637 ,  10.506 ,  511 ,  -   ,  11.436 ,  2.579 ,  -   ,  1.614 ,  1.231 ,  437 ,  -   ,  428 ,  -   ,  37.109 
  375 ,  5.351 ,  -   ,  23.624 ,  429 ,  9.636 ,  21.041 ,  12.976 ,  -   ,  -   ,  2.251 ,  -   ,  7.620 ,  45.283 ,  -   ,  128.211 
  376 ,  1.280 ,  400 ,  12.313 ,  944 ,  7.335 ,  18.149 ,  6.471 ,  151 ,  -   ,  -   ,  -   ,  3.352 ,  41.809 ,  1.719 ,  93.922 
  377 ,  8.870 ,  3.637 ,  49.457 ,  2.958 ,  20.801 ,  56.873 ,  38.132 ,  -   ,  1.656 ,  3.783 ,  404 ,  4.755 ,  171.284 ,  1.663 ,  364.271 
  378 ,  7.720 ,  -   ,  23.786 ,  1.903 ,  13.386 ,  24.213 ,  6.583 ,  -   ,  2.218 ,  1.222 ,  -   ,  1.750 ,  48.880 ,  674 ,  132.335 
  379 ,  1.227 ,  -   ,  15.844 ,  -   ,  5.019 ,  21.283 ,  3.939 ,  -   ,  1.199 ,  803 ,  -   ,  952 ,  40.426 ,  569 ,  91.261 
  380 ,  1.762 ,  -   ,  44.271 ,  266 ,  8.979 ,  8.199 ,  4.889 ,  -   ,  749 ,  1.860 ,  628 ,  2.429 ,  60.903 ,  1.657 ,  136.592 
  381 ,  -   ,  -   ,  -   ,  -   ,  -   ,  -   ,  -   ,  -   ,  -   ,  -   ,  -   ,  -   ,  -   ,  -   ,  -   
  382 ,  842 ,  701 ,  44.884 ,  1.484 ,  11.578 ,  23.465 ,  15.211 ,  -   ,  5.444 ,  2.713 ,  -   ,  4.386 ,  67.778 ,  333 ,  178.819 
  383 ,  -   ,  -   ,  25.855 ,  1.755 ,  11.499 ,  7.910 ,  6.838 ,  -   ,  -   ,  1.031 ,  -   ,  -   ,  55.496 ,  -   ,  110.384 
  384 ,  2.147 ,  -   ,  7.201 ,  1.706 ,  3.833 ,  6.800 ,  2.486 ,  -   ,  246 ,  -   ,  -   ,  -   ,  24.186 ,  933 ,  49.538 
  385 ,  -   ,  -   ,  -   ,  -   ,  -   ,  -   ,  512 ,  -   ,  -   ,  -   ,  -   ,  -   ,  332 ,  -   ,  844 
  386 ,  -   ,  -   ,  2.282 ,  -   ,  395 ,  1.912 ,  588 ,  -   ,  -   ,  500 ,  -   ,  242 ,  4.246 ,  -   ,  10.163 
  387 ,  4.024 ,  -   ,  24.335 ,  1.392 ,  10.361 ,  21.666 ,  8.612 ,  -   ,  -   ,  2.246 ,  -   ,  728 ,  55.487 ,  123 ,  128.976 
  388 ,  -   ,  -   ,  1.613 ,  150 ,  1.222 ,  2.453 ,  944 ,  -   ,  -   ,  155 ,  -   ,  176 ,  3.400 ,  123 ,  10.237 
  389 ,  280 ,  -   ,  10.868 ,  2.425 ,  2.331 ,  8.548 ,  6.819 ,  3.873 ,  -   ,  4.337 ,  -   ,  1.420 ,  35.297 ,  665 ,  76.863 
  390 ,  -   ,  -   ,  2.792 ,  859 ,  1.149 ,  2.044 ,  3.394 ,  -   ,  -   ,  1.060 ,  -   ,  2.617 ,  1.841 ,  -   ,  15.756 
  391 ,  11.988 ,  10.912 ,  12.170 ,  492 ,  9.213 ,  17.946 ,  6.569 ,  -   ,  3.559 ,  -   ,  -   ,  -   ,  38.976 ,  754 ,  112.579 
  392 ,  -   ,  978 ,  -   ,  -   ,  -   ,  -   ,  -   ,  -   ,  -   ,  -   ,  -   ,  -   ,  -   ,  -   ,  978 
  393 ,  12.150 ,  9.366 ,  12.800 ,  384 ,  4.884 ,  21.906 ,  14.353 ,  -   ,  2.119 ,  2.360 ,  -   ,  382 ,  61.105 ,  -   ,  141.809 
  394 ,  1.334 ,  3.138 ,  2.565 ,  -   ,  2.443 ,  4.677 ,  2.184 ,  -   ,  146 ,  957 ,  -   ,  443 ,  17.003 ,  -   ,  34.891 
  395 ,  4.742 ,  13.502 ,  19.920 ,  -   ,  8.926 ,  20.678 ,  10.208 ,  -   ,  258 ,  2.254 ,  -   ,  5.967 ,  60.590 ,  643 ,  147.690 
  396 ,  7.899 ,  15.528 ,  18.737 ,  301 ,  2.816 ,  32.846 ,  20.886 ,  -   ,  1.148 ,  3.576 ,  304 ,  1.901 ,  85.243 ,  -   ,  191.185 
  397 ,  2.500 ,  5.328 ,  24.421 ,  -   ,  10.341 ,  14.915 ,  6.710 ,  1.536 ,  -   ,  706 ,  304 ,  2.820 ,  48.796 ,  -   ,  118.377 
  398 ,  2.979 ,  1.490 ,  17.014 ,  2.271 ,  5.667 ,  24.371 ,  12.663 ,  -   ,  442 ,  6.851 ,  2.360 ,  1.464 ,  72.552 ,  1.468 ,  151.592 
  399 ,  5.118 ,  5.234 ,  8.688 ,  993 ,  9.672 ,  7.137 ,  3.270 ,  -   ,  -   ,  1.193 ,  -   ,  756 ,  35.730 ,  87 ,  77.878 
  400 ,  5.552 ,  11.479 ,  18.552 ,  5.069 ,  9.676 ,  19.762 ,  7.739 ,  -   ,  1.039 ,  2.955 ,  -   ,  3.772 ,  78.175 ,  1.663 ,  165.432 
  401 ,  4.277 ,  11.760 ,  42.221 ,  5.113 ,  19.276 ,  48.735 ,  26.540 ,  -   ,  1.438 ,  1.352 ,  308 ,  11.295 ,  129.961 ,  1.072 ,  303.347 
  402 ,  264 ,  1.401 ,  5.251 ,  315 ,  2.579 ,  4.165 ,  2.250 ,  -   ,  54 ,  -   ,  -   ,  2.132 ,  11.086 ,  -   ,  29.496 
  403 ,  223 ,  990 ,  3.003 ,  1.723 ,  2.524 ,  2.183 ,  1.631 ,  -   ,  -   ,  -   ,  -   ,  2.116 ,  8.763 ,  -   ,  23.156 
  404 ,  4.423 ,  6.068 ,  30.186 ,  2.260 ,  1.236 ,  66.121 ,  38.714 ,  2.085 ,  487 ,  4.369 ,  -   ,  3.898 ,  85.746 ,  149 ,  245.742 
  405 ,  2.015 ,  5.685 ,  18.581 ,  2.164 ,  1.840 ,  16.997 ,  7.089 ,  -   ,  1.071 ,  3.253 ,  106 ,  2.149 ,  17.557 ,  -   ,  78.506 
  406 ,  1.094 ,  6.873 ,  24.647 ,  3.499 ,  398 ,  22.935 ,  10.230 ,  -   ,  487 ,  1.639 ,  -   ,  1.337 ,  18.637 ,  487 ,  92.262 
  407 ,  1.928 ,  5.230 ,  38.026 ,  2.413 ,  2.877 ,  36.435 ,  20.911 ,  -   ,  -   ,  5.816 ,  487 ,  3.031 ,  76.949 ,  -   ,  194.103 
  408 ,  2.578 ,  5.779 ,  10.661 ,  279 ,  3.262 ,  7.317 ,  4.137 ,  -   ,  -   ,  1.035 ,  243 ,  1.056 ,  29.860 ,  -   ,  66.207 
  409 ,  951 ,  566 ,  3.854 ,  155 ,  1.775 ,  3.820 ,  2.692 ,  -   ,  -   ,  548 ,  69 ,  -   ,  10.320 ,  -   ,  24.751 
  410 ,  84 ,  84 ,  3.506 ,  -   ,  1.652 ,  4.203 ,  1.317 ,  -   ,  -   ,  1.416 ,  454 ,  363 ,  3.442 ,  -   ,  16.522 
  411 ,  104 ,  344 ,  4.829 ,  481 ,  1.219 ,  4.802 ,  4.027 ,  -   ,  1.071 ,  930 ,  -   ,  235 ,  6.565 ,  -   ,  24.606 
  412 ,  407 ,  733 ,  13.136 ,  577 ,  694 ,  12.024 ,  5.827 ,  -   ,  -   ,  2.320 ,  273 ,  104 ,  19.196 ,  -   ,  55.292 
  413 ,  -   ,  1.653 ,  6.030 ,  -   ,  5.298 ,  4.029 ,  3.421 ,  -   ,  -   ,  542 ,  472 ,  577 ,  14.448 ,  -   ,  36.469 
  414 ,  -   ,  320 ,  3.455 ,  408 ,  4.513 ,  10.624 ,  3.171 ,  1.557 ,  -   ,  803 ,  -   ,  2.658 ,  27.476 ,  149 ,  55.134 
  415 ,  -   ,  -   ,  1.996 ,  2.031 ,  1.771 ,  4.146 ,  2.340 ,  -   ,  239 ,  32 ,  -   ,  903 ,  18.474 ,  246 ,  32.178 
  416 ,  210 ,  -   ,  1.305 ,  420 ,  4.267 ,  8.749 ,  4.363 ,  -   ,  -   ,  1.287 ,  233 ,  5.694 ,  19.999 ,  246 ,  46.774 
  417 ,  2.291 ,  2.959 ,  7.383 ,  -   ,  5.259 ,  26.726 ,  13.402 ,  -   ,  964 ,  5.405 ,  1.020 ,  1.047 ,  43.823 ,  488 ,  110.766 
  418 ,  4.387 ,  1.090 ,  8.584 ,  392 ,  2.773 ,  27.722 ,  8.088 ,  -   ,  2.484 ,  4.626 ,  1.308 ,  -   ,  30.030 ,  488 ,  91.972 
  419 ,  3.198 ,  1.770 ,  8.670 ,  -   ,  7.030 ,  20.042 ,  8.600 ,  40 ,  162 ,  10.331 ,  387 ,  98 ,  34.568 ,  -   ,  94.896 
  420 ,  324 ,  28 ,  4.420 ,  -   ,  163 ,  8.052 ,  1.385 ,  -   ,  180 ,  286 ,  -   ,  461 ,  3.902 ,  -   ,  19.202 
  421 ,  5.018 ,  10.284 ,  10.727 ,  3.255 ,  764 ,  20.867 ,  2.542 ,  -   ,  148 ,  2.164 ,  44 ,  321 ,  21.973 ,  1.397 ,  79.502 
  422 ,  12.032 ,  18.168 ,  86.362 ,  3.091 ,  8.833 ,  97.520 ,  45.059 ,  266 ,  5.862 ,  5.991 ,  -   ,  851 ,  51.126 ,  903 ,  336.064 
  423 ,  685 ,  1.854 ,  4.649 ,  182 ,  3.624 ,  19.833 ,  9.383 ,  1.015 ,  15 ,  996 ,  -   ,  -   ,  6.805 ,  -   ,  49.039 
  424 ,  1.698 ,  1.221 ,  11.258 ,  498 ,  902 ,  12.694 ,  5.208 ,  709 ,  1.222 ,  538 ,  -   ,  -   ,  11.302 ,  -   ,  47.251 
  425 ,  1.092 ,  -   ,  4.315 ,  588 ,  564 ,  6.602 ,  6.520 ,  297 ,  1.672 ,  453 ,  -   ,  844 ,  14.283 ,  -   ,  37.229 
  426 ,  942 ,  2.972 ,  6.884 ,  902 ,  4.562 ,  17.269 ,  3.528 ,  45 ,  1.009 ,  254 ,  -   ,  2.288 ,  9.504 ,  -   ,  50.159 
  427 ,  4.007 ,  5.573 ,  3.967 ,  1.715 ,  1.691 ,  17.240 ,  11.551 ,  -   ,  1.168 ,  1.160 ,  -   ,  208 ,  24.091 ,  -   ,  72.371 
  428 ,  858 ,  4.774 ,  10.878 ,  1.071 ,  3.066 ,  25.108 ,  15.450 ,  -   ,  810 ,  232 ,  -   ,  314 ,  27.392 ,  839 ,  90.791 
  429 ,  2.743 ,  2.105 ,  9.948 ,  790 ,  6.977 ,  32.587 ,  7.789 ,  -   ,  -   ,  1.740 ,  -   ,  -   ,  35.529 ,  839 ,  101.046 
  430 ,  2.125 ,  5.674 ,  10.388 ,  814 ,  2.659 ,  14.305 ,  10.239 ,  -   ,  -   ,  2.063 ,  428 ,  -   ,  19.446 ,  -   ,  68.141 
  431 ,  4.314 ,  1.961 ,  31.273 ,  9.399 ,  3.363 ,  43.243 ,  30.512 ,  -   ,  -   ,  4.441 ,  -   ,  1.546 ,  52.283 ,  -   ,  182.335 
  432 ,  6.388 ,  4.407 ,  26.291 ,  1.455 ,  2.990 ,  56.097 ,  39.611 ,  -   ,  3.053 ,  3.572 ,  -   ,  -   ,  38.517 ,  -   ,  182.381 
  433 ,  1.089 ,  1.312 ,  35.916 ,  2.131 ,  5.539 ,  30.242 ,  11.794 ,  -   ,  -   ,  6.884 ,  428 ,  2.286 ,  41.417 ,  -   ,  139.039 
  434 ,  21 ,  522 ,  885 ,  41 ,  442 ,  885 ,  2.620 ,  -   ,  -   ,  63 ,  -   ,  81 ,  665 ,  -   ,  6.226 
  435 ,  1.045 ,  4.583 ,  14.346 ,  7.269 ,  5.915 ,  20.699 ,  4.775 ,  -   ,  217 ,  2.165 ,  -   ,  -   ,  15.218 ,  -   ,  76.231 
  436 ,  4.923 ,  14.815 ,  39.636 ,  1.744 ,  23.831 ,  57.840 ,  21.796 ,  322 ,  4.246 ,  1.945 ,  -   ,  -   ,  90.198 ,  1.536 ,  262.833 
  437 ,  6.758 ,  16.385 ,  33.927 ,  7.731 ,  8.152 ,  33.358 ,  16.024 ,  -   ,  73 ,  1.882 ,  661 ,  -   ,  108.370 ,  -   ,  233.322 
  438 ,  3.880 ,  8.172 ,  21.913 ,  2.901 ,  5.810 ,  21.529 ,  7.266 ,  -   ,  -   ,  352 ,  -   ,  -   ,  50.571 ,  -   ,  122.393 
  439 ,  808 ,  1.508 ,  4.860 ,  946 ,  752 ,  5.607 ,  2.903 ,  -   ,  -   ,  1.105 ,  188 ,  -   ,  7.813 ,  -   ,  26.491 
  440 ,  11.030 ,  12.260 ,  25.198 ,  2.468 ,  14.941 ,  40.740 ,  21.957 ,  -   ,  386 ,  1.861 ,  -   ,  7.917 ,  36.403 ,  1.233 ,  176.395 
  441 ,  608 ,  1.977 ,  5.827 ,  468 ,  4.012 ,  4.876 ,  2.085 ,  -   ,  158 ,  -   ,  -   ,  339 ,  6.542 ,  -   ,  26.892 
  442 ,  708 ,  1.775 ,  2.883 ,  268 ,  2.302 ,  4.080 ,  2.184 ,  -   ,  73 ,  -   ,  -   ,  541 ,  3.807 ,  -   ,  18.622 
  443 ,  387 ,  2.072 ,  1.417 ,  -   ,  2.615 ,  1.656 ,  719 ,  -   ,  -   ,  446 ,  -   ,  -   ,  5.167 ,  -   ,  14.479 
  444 ,  571 ,  5.833 ,  1.980 ,  -   ,  7.356 ,  4.463 ,  1.663 ,  -   ,  115 ,  945 ,  -   ,  -   ,  24.539 ,  -   ,  47.465 
  445 ,  2.228 ,  -   ,  34.040 ,  2.833 ,  15.376 ,  47.380 ,  19.633 ,  -   ,  2.355 ,  7.761 ,  2.486 ,  -   ,  43.685 ,  -   ,  177.778 
  446 ,  2.349 ,  -   ,  15.466 ,  6.957 ,  4.800 ,  32.628 ,  11.946 ,  -   ,  808 ,  3.433 ,  -   ,  1.202 ,  37.548 ,  139 ,  117.276 
  447 ,  717 ,  324 ,  18.910 ,  2.017 ,  3.837 ,  30.744 ,  16.129 ,  -   ,  628 ,  4.748 ,  339 ,  439 ,  25.769 ,  436 ,  105.037 
  448 ,  3.586 ,  890 ,  32.064 ,  -   ,  7.307 ,  34.617 ,  14.502 ,  140 ,  -   ,  6.604 ,  -   ,  1.551 ,  37.277 ,  1.212 ,  139.750 
  449 ,  3.307 ,  4.783 ,  64.111 ,  2.588 ,  12.278 ,  74.867 ,  31.705 ,  -   ,  5.168 ,  8.519 ,  323 ,  549 ,  44.156 ,  -   ,  252.354 
  450 ,  1.660 ,  -   ,  52.383 ,  3.760 ,  11.269 ,  42.660 ,  20.020 ,  -   ,  3.514 ,  7.226 ,  708 ,  3.402 ,  103.335 ,  -   ,  249.938 
  451 ,  1.492 ,  -   ,  35.135 ,  2.195 ,  13.031 ,  39.053 ,  16.403 ,  -   ,  1.610 ,  4.657 ,  227 ,  -   ,  52.283 ,  -   ,  166.085 
  452 ,  1.172 ,  133 ,  10.805 ,  436 ,  3.932 ,  10.486 ,  3.455 ,  -   ,  -   ,  2.250 ,  227 ,  836 ,  27.256 ,  -   ,  60.989 
  453 ,  809 ,  -   ,  5.874 ,  375 ,  6.107 ,  6.962 ,  1.516 ,  -   ,  -   ,  2.286 ,  -   ,  -   ,  10.629 ,  -   ,  34.557 
  454 ,  1.346 ,  592 ,  48.515 ,  2.703 ,  13.186 ,  35.263 ,  12.674 ,  -   ,  1.235 ,  6.513 ,  751 ,  3.742 ,  98.779 ,  46 ,  225.344 
  455 ,  8.217 ,  1.698 ,  32.611 ,  975 ,  7.862 ,  34.836 ,  15.812 ,  -   ,  2.649 ,  3.641 ,  -   ,  881 ,  70.135 ,  -   ,  179.318 
  456 ,  5.269 ,  1.081 ,  29.751 ,  3.119 ,  6.312 ,  24.763 ,  14.230 ,  -   ,  795 ,  9.687 ,  1.094 ,  2.306 ,  68.634 ,  -   ,  167.040 
  457 ,  3.732 ,  509 ,  21.285 ,  2.925 ,  2.822 ,  34.815 ,  11.755 ,  -   ,  1.404 ,  6.582 ,  1.786 ,  1.393 ,  94.794 ,  -   ,  183.802 
  458 ,  4.651 ,  -   ,  18.714 ,  1.191 ,  2.817 ,  13.213 ,  6.158 ,  -   ,  1.401 ,  6.209 ,  -   ,  1.132 ,  36.812 ,  -   ,  92.299 
  459 ,  1.989 ,  -   ,  19.640 ,  266 ,  7.580 ,  7.858 ,  3.937 ,  -   ,  -   ,  1.433 ,  369 ,  -   ,  39.511 ,  -   ,  82.584 
  460 ,  6.836 ,  308 ,  29.936 ,  1.374 ,  7.183 ,  27.744 ,  8.141 ,  -   ,  676 ,  5.546 ,  -   ,  488 ,  35.725 ,  803 ,  124.760 
  461 ,  4.692 ,  312 ,  10.442 ,  243 ,  3.113 ,  15.837 ,  8.301 ,  -   ,  970 ,  4.209 ,  439 ,  1.052 ,  28.023 ,  92 ,  77.726 
  462 ,  6.673 ,  -   ,  30.793 ,  1.321 ,  5.508 ,  16.728 ,  10.697 ,  -   ,  -   ,  7.878 ,  439 ,  2.046 ,  66.546 ,  -   ,  148.629 
  463 ,  3.214 ,  -   ,  18.103 ,  -   ,  7.795 ,  9.539 ,  5.428 ,  -   ,  -   ,  5.373 ,  -   ,  -   ,  65.091 ,  -   ,  114.543 
  464 ,  7.976 ,  -   ,  18.335 ,  -   ,  3.792 ,  14.339 ,  4.640 ,  -   ,  -   ,  8.884 ,  3.688 ,  -   ,  54.057 ,  -   ,  115.711 
  465 ,  15.665 ,  -   ,  21.873 ,  796 ,  10.965 ,  30.429 ,  19.715 ,  -   ,  529 ,  9.465 ,  1.944 ,  3.300 ,  70.551 ,  948 ,  186.180 
  466 ,  2.634 ,  -   ,  29.108 ,  2.628 ,  7.577 ,  27.884 ,  12.161 ,  -   ,  630 ,  5.204 ,  1.186 ,  1.143 ,  46.892 ,  773 ,  137.821 
  467 ,  981 ,  -   ,  7.288 ,  244 ,  4.036 ,  7.020 ,  3.425 ,  -   ,  -   ,  568 ,  -   ,  159 ,  9.374 ,  -   ,  33.095 
  468 ,  15.017 ,  -   ,  47.373 ,  76 ,  20.210 ,  42.002 ,  33.631 ,  -   ,  539 ,  11.572 ,  3.157 ,  3.958 ,  79.964 ,  287 ,  257.786 
  469 ,  133 ,  -   ,  942 ,  76 ,  1.515 ,  1.392 ,  318 ,  -   ,  -   ,  313 ,  -   ,  -   ,  2.013 ,  -   ,  6.702 
  470 ,  -   ,  -   ,  2.328 ,  861 ,  1.654 ,  3.560 ,  1.957 ,  -   ,  -   ,  664 ,  -   ,  159 ,  3.552 ,  439 ,  15.174 
  471 ,  324 ,  -   ,  1.637 ,  107 ,  3.591 ,  4.476 ,  783 ,  -   ,  -   ,  254 ,  117 ,  -   ,  8.961 ,  -   ,  20.251 
  472 ,  2.480 ,  401 ,  12.535 ,  139 ,  8.191 ,  11.756 ,  12.209 ,  326 ,  -   ,  2.420 ,  207 ,  262 ,  20.213 ,  139 ,  71.278 
  473 ,  687 ,  1.097 ,  5.773 ,  -   ,  4.178 ,  3.494 ,  4.192 ,  -   ,  -   ,  1.464 ,  87 ,  785 ,  3.601 ,  87 ,  25.446 
  474 ,  316 ,  -   ,  2.327 ,  349 ,  3.010 ,  873 ,  646 ,  -   ,  -   ,  319 ,  -   ,  -   ,  997 ,  -   ,  8.838 
  475 ,  361 ,  -   ,  5.193 ,  678 ,  9.096 ,  6.794 ,  4.039 ,  -   ,  -   ,  1.645 ,  594 ,  683 ,  14.873 ,  261 ,  44.217 
  476 ,  3.607 ,  8.545 ,  36.751 ,  262 ,  14.838 ,  43.766 ,  19.244 ,  -   ,  251 ,  9.140 ,  488 ,  224 ,  37.077 ,  1.477 ,  175.672 
  477 ,  1.801 ,  625 ,  17.151 ,  754 ,  9.494 ,  32.486 ,  13.661 ,  -   ,  740 ,  4.724 ,  -   ,  1.071 ,  35.308 ,  -   ,  117.815 
  478 ,  2.143 ,  5.426 ,  34.167 ,  6.171 ,  259 ,  39.620 ,  12.232 ,  -   ,  1.843 ,  10.710 ,  1.746 ,  -   ,  13.985 ,  333 ,  128.635 
  479 ,  332 ,  2.663 ,  2.340 ,  -   ,  627 ,  2.674 ,  2.048 ,  -   ,  1.660 ,  131 ,  -   ,  -   ,  3.226 ,  -   ,  15.700 
  480 ,  -   ,  1.544 ,  11.880 ,  624 ,  6.769 ,  13.184 ,  6.813 ,  -   ,  -   ,  -   ,  -   ,  224 ,  21.062 ,  -   ,  62.099 
  481 ,  2.485 ,  4.573 ,  14.013 ,  -   ,  4.234 ,  17.314 ,  10.670 ,  -   ,  2.078 ,  8.477 ,  2.523 ,  -   ,  40.619 ,  -   ,  106.987 
  482 ,  765 ,  2.156 ,  5.338 ,  134 ,  1.702 ,  10.733 ,  3.460 ,  -   ,  154 ,  1.185 ,  308 ,  1.333 ,  15.210 ,  -   ,  42.481 
  483 ,  229 ,  446 ,  2.789 ,  328 ,  1.145 ,  4.544 ,  1.268 ,  -   ,  377 ,  2 ,  -   ,  -   ,  934 ,  -   ,  12.063 
  484 ,  4.486 ,  17.085 ,  27.409 ,  571 ,  14.805 ,  19.500 ,  9.149 ,  -   ,  167 ,  4.182 ,  -   ,  -   ,  51.700 ,  443 ,  149.496 
  485 ,  5.767 ,  15.729 ,  37.258 ,  1.088 ,  13.382 ,  27.808 ,  13.158 ,  -   ,  -   ,  3.516 ,  -   ,  378 ,  74.781 ,  449 ,  193.315 
  486 ,  4.331 ,  4.020 ,  13.720 ,  96 ,  2.968 ,  21.613 ,  14.424 ,  -   ,  -   ,  1.081 ,  728 ,  -   ,  49.324 ,  3.344 ,  115.651 
  487 ,  1.368 ,  3.550 ,  8.431 ,  -   ,  3.199 ,  9.730 ,  3.522 ,  -   ,  -   ,  1.053 ,  461 ,  196 ,  11.217 ,  -   ,  42.727 
  488 ,  1.304 ,  877 ,  8.173 ,  454 ,  3.662 ,  11.477 ,  5.246 ,  -   ,  162 ,  908 ,  -   ,  -   ,  34.506 ,  -   ,  66.769 
  489 ,  1.483 ,  10.244 ,  28.768 ,  -   ,  4.171 ,  18.832 ,  11.082 ,  76 ,  1.346 ,  3.710 ,  247 ,  -   ,  10.905 ,  -   ,  90.864 
  490 ,  2.219 ,  3.896 ,  19.480 ,  257 ,  4.493 ,  22.776 ,  8.030 ,  149 ,  344 ,  1.843 ,  -   ,  39 ,  9.687 ,  452 ,  73.665 
  491 ,  1.157 ,  2.329 ,  13.619 ,  1.638 ,  7.592 ,  17.882 ,  8.610 ,  -   ,  312 ,  2.011 ,  -   ,  272 ,  14.122 ,  -   ,  69.546 
  492 ,  6.004 ,  6.775 ,  18.166 ,  749 ,  7.728 ,  41.557 ,  19.461 ,  -   ,  2.730 ,  6.793 ,  1.282 ,  1.435 ,  46.750 ,  -   ,  159.430 
  493 ,  1.395 ,  354 ,  8.278 ,  -   ,  2.944 ,  7.129 ,  1.490 ,  -   ,  240 ,  280 ,  168 ,  117 ,  12.932 ,  131 ,  35.457 
  494 ,  5.064 ,  2.971 ,  11.884 ,  967 ,  6.326 ,  13.126 ,  6.300 ,  -   ,  -   ,  2.030 ,  -   ,  -   ,  36.087 ,  -   ,  84.755 
  495 ,  4.762 ,  2.363 ,  26.131 ,  607 ,  16.020 ,  25.067 ,  16.510 ,  -   ,  557 ,  4.237 ,  856 ,  768 ,  52.768 ,  -   ,  150.648 
  496 ,  5.170 ,  6.540 ,  9.804 ,  647 ,  4.831 ,  30.338 ,  19.433 ,  -   ,  302 ,  4.386 ,  -   ,  1.163 ,  28.818 ,  510 ,  111.941 
  497 ,  224 ,  430 ,  3.550 ,  267 ,  830 ,  5.351 ,  1.649 ,  -   ,  54 ,  1.220 ,  -   ,  102 ,  8.123 ,  -   ,  21.800 
  498 ,  1.489 ,  6.077 ,  6.923 ,  -   ,  1.166 ,  13.328 ,  3.627 ,  80 ,  258 ,  2.327 ,  -   ,  196 ,  11.898 ,  7 ,  47.378 
  499 ,  2.261 ,  7.220 ,  31.348 ,  1.767 ,  11.489 ,  22.288 ,  10.998 ,  -   ,  520 ,  3.464 ,  477 ,  901 ,  67.479 ,  -   ,  160.212 
  500 ,  854 ,  4.310 ,  10.667 ,  186 ,  4.728 ,  14.912 ,  6.744 ,  503 ,  1.140 ,  200 ,  -   ,  832 ,  32.755 ,  -   ,  77.831 
  501 ,  483 ,  3.036 ,  17.930 ,  98 ,  3.951 ,  15.889 ,  8.450 ,  -   ,  396 ,  2.681 ,  -   ,  1.010 ,  42.339 ,  -   ,  96.262 
  502 ,  1.741 ,  2.435 ,  14.230 ,  1.634 ,  167 ,  8.974 ,  1.561 ,  -   ,  26 ,  2.455 ,  85 ,  482 ,  11.583 ,  567 ,  45.940 
  503 ,  362 ,  4.811 ,  2.362 ,  1.439 ,  110 ,  5.808 ,  5.832 ,  -   ,  47 ,  913 ,  -   ,  -   ,  5.549 ,  87 ,  27.319 
  504 ,  2.772 ,  12.850 ,  13.990 ,  1.341 ,  1.392 ,  18.413 ,  11.935 ,  -   ,  419 ,  12.499 ,  3.313 ,  -   ,  70.372 ,  -   ,  149.295 
  505 ,  579 ,  779 ,  562 ,  -   ,  554 ,  4.188 ,  1.544 ,  -   ,  64 ,  99 ,  -   ,  -   ,  1.593 ,  -   ,  9.962 
  506 ,  3.267 ,  702 ,  17.204 ,  237 ,  6.657 ,  26.193 ,  8.289 ,  -   ,  -   ,  3.196 ,  714 ,  975 ,  12.666 ,  205 ,  80.306 
  507 ,  1.514 ,  -   ,  14.456 ,  182 ,  1.954 ,  18.500 ,  6.342 ,  -   ,  -   ,  4.228 ,  -   ,  -   ,  8.318 ,  443 ,  55.937 
  508 ,  3.290 ,  759 ,  52.496 ,  3.244 ,  8.152 ,  64.890 ,  28.136 ,  -   ,  343 ,  10.370 ,  -   ,  612 ,  73.160 ,  205 ,  245.658 
  509 ,  163 ,  -   ,  1.463 ,  -   ,  1.209 ,  1.499 ,  835 ,  -   ,  -   ,  297 ,  -   ,  -   ,  1.461 ,  -   ,  6.927 
  510 ,  -   ,  -   ,  -   ,  -   ,  -   ,  -   ,  -   ,  -   ,  -   ,  -   ,  -   ,  -   ,  -   ,  -   ,  -   
  511 ,  597 ,  -   ,  7.024 ,  201 ,  4.018 ,  11.440 ,  4.408 ,  -   ,  -   ,  2.063 ,  -   ,  612 ,  27.084 ,  70 ,  57.517 
  512 ,  1.182 ,  786 ,  12.119 ,  -   ,  7.432 ,  24.176 ,  8.905 ,  -   ,  498 ,  1.248 ,  -   ,  -   ,  38.955 ,  944 ,  96.245 
  513 ,  127 ,  121 ,  441 ,  64 ,  333 ,  1.005 ,  390 ,  -   ,  -   ,  39 ,  -   ,  92 ,  303 ,  -   ,  2.916 
  514 ,  6.200 ,  14.724 ,  18.551 ,  3.210 ,  11.203 ,  26.786 ,  10.887 ,  -   ,  2.640 ,  2.969 ,  770 ,  488 ,  59.880 ,  -   ,  158.309 
  515 ,  3.630 ,  13.887 ,  22.180 ,  3.897 ,  8.834 ,  21.836 ,  15.218 ,  -   ,  1.189 ,  8.470 ,  1.175 ,  581 ,  53.402 ,  -   ,  154.298 
  516 ,  3.367 ,  1.495 ,  40.337 ,  3.179 ,  18.607 ,  64.144 ,  18.940 ,  -   ,  1.909 ,  8.898 ,  -   ,  517 ,  52.786 ,  564 ,  214.742 
  517 ,  83 ,  152 ,  2.790 ,  167 ,  3.145 ,  1.966 ,  577 ,  -   ,  -   ,  324 ,  -   ,  -   ,  13.723 ,  -   ,  22.927 
,,,,,,,,,,,,,,,
 Total RMSP ,  3.399.614 ,  1.244.978 ,  8.304.473 ,  251.535 ,  2.093.542 ,  7.811.675 ,  3.529.721 ,  100.343 ,  368.101 ,  967.892 ,  96.219 ,  376.975 ,  13.349.876 ,  111.717 ,  42.006.660 
,,,,,,,,,,,,,,,
Fonte:  Metrô/SP - Pesquisa Origem e Destino 2017,,,,,,,,,,,,,,,
,,,,,,,,,,,,,,,
Notas:,,,,,,,,,,,,,,,
"Modo principal é o modo de maior hierarquia dentre os utilizados na mesma viagem. A hierarquia, em ordem decrescente, é a seguinte:  ",,,,,,,,,,,,,,,
"metrô, trem, ônibus, transporte fretado, transporte escolar, táxi convencional, táxi não convencional, dirigindo automóvel, passageiro de automóvel, ",,,,,,,,,,,,,,,
"dirigindo motocicleta, passageiro motocicleta, bicicleta, outros modos e a pé.",,,,,,,,,,,,,,,
,,,,,,,,,,,,,,,
Viagem a pé é aquela realizada a pé da origem ao destino; não se complementa com nenhum outro modo de transporte.  ,,,,,,,,,,,,,,,
"Foram consideradas todas as viagens a pé pelos motivos trabalho e escola, independentemente da distância percorrida;",,,,,,,,,,,,,,,
"para os demais motivos, quando a distância da viagem a pé  foi superior a 500 metros.",,,,,,,,,,,,,,,